completed_4h_time_utc,close_time_ms,delta_4h_usdt,ratio_4h,delta_24h_usdt,ratio_24h,delta_3d_usdt,ratio_3d,abs_ratio_4h,abs_ratio_24h,abs_ratio_3d,config_id,source
2026-07-29T23:59:59.999Z,1785369599999,-933430.8589399904,-0.010233421059624246,-9553295.225653991,-0.01679159947293241,-52395332.88760296,-0.02939241150388862,0.010233421059624246,0.01679159947293241,0.02939241150388862,ETH-SPOT-CLASS-v0.1-PROVISIONAL,Binance official Spot Public Data Archive / checksum verified
2026-07-30T03:59:59.999Z,1785383999999,3932728.5154139996,0.06273432496044952,-3769927.6162479892,-0.006646786047244346,-50004063.20024197,-0.028113371187205954,0.06273432496044952,0.006646786047244346,0.028113371187205954,ETH-SPOT-CLASS-v0.1-PROVISIONAL,Binance official Spot Public Data Archive / checksum verified
2026-07-30T07:59:59.999Z,1785398399999,1725104.5437300056,0.031101569324892848,-7704546.245428987,-0.014052967542613277,-59247668.96892297,-0.03491152965457279,0.031101569324892848,0.014052967542613277,0.03491152965457279,ETH-SPOT-CLASS-v0.1-PROVISIONAL,Binance official Spot Public Data Archive / checksum verified
2026-07-30T11:59:59.999Z,1785412799999,84313.08659499884,0.0015233949637437586,1896237.3724300116,0.0034668054955140637,-59346852.250235975,-0.035138345568362456,0.0015233949637437586,0.0034668054955140637,0.035138345568362456,ETH-SPOT-CLASS-v0.1-PROVISIONAL,Binance official Spot Public Data Archive / checksum verified
2026-07-30T15:59:59.999Z,1785427199999,-3590471.4616189897,-0.04467120384813037,5653050.36977002,0.011145264116023327,-40263200.27574295,-0.02555514077274308,0.04467120384813037,0.011145264116023327,0.02555514077274308,ETH-SPOT-CLASS-v0.1-PROVISIONAL,Binance official Spot Public Data Archive / checksum verified
2026-07-30T19:59:59.999Z,1785441599999,-123913.81181200594,-0.002919380735016548,1094330.013368018,0.002823817528935858,-43141251.34045296,-0.027916751582242567,0.002919380735016548,0.002823817528935858,0.027916751582242567,ETH-SPOT-CLASS-v0.1-PROVISIONAL,Binance official Spot Public Data Archive / checksum verified
2026-07-30T23:59:59.999Z,1785455999999,-622671.6685110033,-0.014798015100236317,1405089.2037970051,0.004152157781502862,-17301344.42091497,-0.01189176407275381,0.014798015100236317,0.004152157781502862,0.01189176407275381,ETH-SPOT-CLASS-v0.1-PROVISIONAL,Binance official Spot Public Data Archive / checksum verified
2026-07-31T03:59:59.999Z,1785470399999,-379533.3241750002,-0.0050875892048218695,-2907172.6357919946,-0.008298834031952638,-16477178.32545697,-0.011478083885347086,0.0050875892048218695,0.008298834031952638,0.011478083885347086,ETH-SPOT-CLASS-v0.1-PROVISIONAL,Binance official Spot Public Data Archive / checksum verified
2026-07-31T07:59:59.999Z,1785484799999,-4559912.021881007,-0.08415508584456512,-9192189.201403007,-0.026336477546793285,-14181256.26525198,-0.00993732719201062,0.08415508584456512,0.026336477546793285,0.00993732719201062,ETH-SPOT-CLASS-v0.1-PROVISIONAL,Binance official Spot Public Data Archive / checksum verified
2026-07-31T11:59:59.999Z,1785499199999,-17182069.411798008,-0.25574227146548967,-26458571.699796014,-0.07331917462256309,-27522256.861885987,-0.019149503869544962,0.25574227146548967,0.07331917462256309,0.019149503869544962,ETH-SPOT-CLASS-v0.1-PROVISIONAL,Binance official Spot Public Data Archive / checksum verified
2026-07-31T15:59:59.999Z,1785513599999,-18279314.888056993,-0.10836724817307035,-41147415.12623402,-0.09160721996055818,-51854711.68932199,-0.03634232571179003,0.10836724817307035,0.09160721996055818,0.03634232571179003,ETH-SPOT-CLASS-v0.1-PROVISIONAL,Binance official Spot Public Data Archive / checksum verified
2026-07-31T19:59:59.999Z,1785527999999,-12025332.861384004,-0.2091287344037026,-53048834.175806016,-0.11427298503101901,-64350159.685440995,-0.04645137732435152,0.2091287344037026,0.11427298503101901,0.04645137732435152,ETH-SPOT-CLASS-v0.1-PROVISIONAL,Binance official Spot Public Data Archive / checksum verified
2026-07-31T23:59:59.999Z,1785542399999,-8621878.873664998,-0.24868881187466815,-61048041.38096001,-0.13363688397755594,-69196247.402817,-0.050724694224257065,0.24868881187466815,0.13363688397755594,0.050724694224257065,ETH-SPOT-CLASS-v0.1-PROVISIONAL,Binance official Spot Public Data Archive / checksum verified
2026-08-01T03:59:59.999Z,1785556799999,-318646.89905899763,-0.016069514764695113,-60987154.95584401,-0.15169057092628938,-67664255.20788398,-0.051278620889663236,0.016069514764695113,0.15169057092628938,0.051278620889663236,ETH-SPOT-CLASS-v0.1-PROVISIONAL,Binance official Spot Public Data Archive / checksum verified
2026-08-01T07:59:59.999Z,1785571199999,-953362.4815039989,-0.056292378083875716,-57380605.415467,-0.15729288586726128,-74277340.862299,-0.058853101890818355,0.056292378083875716,0.15729288586726128,0.058853101890818355,ETH-SPOT-CLASS-v0.1-PROVISIONAL,Binance official Spot Public Data Archive / checksum verified
2026-08-01T11:59:59.999Z,1785585599999,-1578317.9879060015,-0.05076229022672004,-41776853.991574995,-0.12709402095828465,-66339188.318941,-0.053648771067661735,0.05076229022672004,0.12709402095828465,0.053648771067661735,ETH-SPOT-CLASS-v0.1-PROVISIONAL,Binance official Spot Public Data Archive / checksum verified
2026-08-01T15:59:59.999Z,1785599999999,-537812.5405989997,-0.025977778798998957,-24035351.644116998,-0.13298911800058377,-59529716.400580995,-0.05235133435596787,0.025977778798998957,0.13298911800058377,0.05235133435596787,ETH-SPOT-CLASS-v0.1-PROVISIONAL,Binance official Spot Public Data Archive / checksum verified
2026-08-01T19:59:59.999Z,1785614399999,-14133576.352547005,-0.17347712407390026,-26143595.13528,-0.12771542739996825,-78098099.297718,-0.07392386910016856,0.17347712407390026,0.12771542739996825,0.07392386910016856,ETH-SPOT-CLASS-v0.1-PROVISIONAL,Binance official Spot Public Data Archive / checksum verified
2026-08-01T23:59:59.999Z,1785628799999,-6263312.271610998,-0.19658903822115018,-23785028.533226,-0.11781035405922405,-83427980.710389,-0.08366957030781494,0.19658903822115018,0.11781035405922405,0.08366957030781494,ETH-SPOT-CLASS-v0.1-PROVISIONAL,Binance official Spot Public Data Archive / checksum verified
2026-08-02T03:59:59.999Z,1785643199999,942441.7348170057,0.014801165395150981,-22523939.899349995,-0.0916588300535787,-86418267.490986,-0.08658299746184463,0.014801165395150981,0.0916588300535787,0.08658299746184463,ETH-SPOT-CLASS-v0.1-PROVISIONAL,Binance official Spot Public Data Archive / checksum verified
2026-08-02T07:59:59.999Z,1785657599999,-1613933.3758510016,-0.05829569535216449,-23184510.793697,-0.09039285424545278,-89757305.410567,-0.09250317667347936,0.05829569535216449,0.09039285424545278,0.09250317667347936,ETH-SPOT-CLASS-v0.1-PROVISIONAL,Binance official Spot Public Data Archive / checksum verified
2026-08-02T11:59:59.999Z,1785671999999,-4720255.813520998,-0.14057254187039162,-26326448.619311996,-0.10165729031244612,-94561874.310683,-0.09969105965824321,0.14057254187039162,0.10165729031244612,0.09969105965824321,ETH-SPOT-CLASS-v0.1-PROVISIONAL,Binance official Spot Public Data Archive / checksum verified
2026-08-02T15:59:59.999Z,1785686399999,2868269.436926,0.13339900197390642,-22920366.641786996,-0.08823290178805836,-88103133.41213802,-0.099028435649072,0.13339900197390642,0.08823290178805836,0.099028435649072,ETH-SPOT-CLASS-v0.1-PROVISIONAL,Binance official Spot Public Data Archive / checksum verified
2026-08-02T19:59:59.999Z,1785700799999,7321995.362370998,0.18699042299800542,-1464794.9268689938,-0.006736052572157132,-80657224.237955,-0.09099550342515451,0.18699042299800542,0.006736052572157132,0.09099550342515451,ETH-SPOT-CLASS-v0.1-PROVISIONAL,Binance official Spot Public Data Archive / checksum verified
2026-08-02T23:59:59.999Z,1785715199999,5297469.048692003,0.11522937230544782,10095986.393434007,0.04359811956462165,-74737083.520752,-0.08394764051819922,0.11522937230544782,0.04359811956462165,0.08394764051819922,ETH-SPOT-CLASS-v0.1-PROVISIONAL,Binance official Spot Public Data Archive / checksum verified
2026-08-03T03:59:59.999Z,1785729599999,-6322708.4465890005,-0.18647508013600278,2830836.2120280005,0.014027771265379938,-80680258.643166,-0.09496389850550005,0.18647508013600278,0.014027771265379938,0.09496389850550005,ETH-SPOT-CLASS-v0.1-PROVISIONAL,Binance official Spot Public Data Archive / checksum verified
2026-08-03T07:59:59.999Z,1785743999999,-3427573.8813360035,-0.0673725811145089,1017195.7065429986,0.004521032667464438,-79547920.502621,-0.09399727375205535,0.0673725811145089,0.004521032667464438,0.09399727375205535,ETH-SPOT-CLASS-v0.1-PROVISIONAL,Binance official Spot Public Data Archive / checksum verified
2026-08-03T11:59:59.999Z,1785758399999,-5535344.069630004,-0.0837891942617401,202107.45043399185,0.0007849569241249074,-67901195.16045299,-0.08034154854631284,0.0837891942617401,0.0007849569241249074,0.08034154854631284,ETH-SPOT-CLASS-v0.1-PROVISIONAL,Binance official Spot Public Data Archive / checksum verified
2026-08-03T15:59:59.999Z,1785772799999,12457605.301208004,0.13359738687059394,9791443.314715996,0.029741176307429333,-37164274.971188,-0.0482825543760125,0.13359738687059394,0.029741176307429333,0.0482825543760125,ETH-SPOT-CLASS-v0.1-PROVISIONAL,Binance official Spot Public Data Archive / checksum verified
2026-08-03T19:59:59.999Z,1785787199999,-2887440.7458280027,-0.0675447427160159,-417992.793483004,-0.001255937793453903,-28026382.855632,-0.0371224524333682,0.0675447427160159,0.001255937793453903,0.0371224524333682,ETH-SPOT-CLASS-v0.1-PROVISIONAL,Binance official Spot Public Data Archive / checksum verified
2026-08-03T23:59:59.999Z,1785801599999,-5534738.700764,-0.14106120555925294,-11250200.542939007,-0.0345017240021685,-24939242.682731003,-0.03283474023211794,0.14106120555925294,0.0345017240021685,0.03283474023211794,ETH-SPOT-CLASS-v0.1-PROVISIONAL,Binance official Spot Public Data Archive / checksum verified
2026-08-04T03:59:59.999Z,1785815999999,3234949.7649599984,0.06027977573886385,-1692542.3313900083,-0.004894066046203817,-21385646.018712007,-0.026955294253532838,0.06027977573886385,0.004894066046203817,0.026955294253532838,ETH-SPOT-CLASS-v0.1-PROVISIONAL,Binance official Spot Public Data Archive / checksum verified
2026-08-04T07:59:59.999Z,1785830399999,7719459.067773007,0.1261506567479824,9454490.617719002,0.02654614262978443,-12712824.469434999,-0.015177116438479693,0.1261506567479824,0.02654614262978443,0.015177116438479693,ETH-SPOT-CLASS-v0.1-PROVISIONAL,Binance official Spot Public Data Archive / checksum verified
2026-08-04T11:59:59.999Z,1785844799999,-945930.5141410008,-0.01990297102604581,14043904.173208006,0.04159709297035371,-12080436.995669998,-0.014144620088077405,0.01990297102604581,0.04159709297035371,0.014144620088077405,ETH-SPOT-CLASS-v0.1-PROVISIONAL,Binance official Spot Public Data Archive / checksum verified
2026-08-04T15:59:59.999Z,1785859199999,4876433.019447997,0.057696318425537525,6462731.891447999,0.019650189649901176,-6666191.435623001,-0.0072625797969314175,0.057696318425537525,0.019650189649901176,0.0072625797969314175,ETH-SPOT-CLASS-v0.1-PROVISIONAL,Binance official Spot Public Data Archive / checksum verified
2026-08-04T19:59:59.999Z,1785873599999,-7887350.8212319985,-0.11784282937221953,1462821.8160440028,0.00414313107540756,-419965.904307995,-0.0004649030361770724,0.11784282937221953,0.00414313107540756,0.0004649030361770724,ETH-SPOT-CLASS-v0.1-PROVISIONAL,Binance official Spot Public Data Archive / checksum verified
2026-08-04T23:59:59.999Z,1785887999999,-2011931.949287001,-0.062533299370953,4985628.567521002,0.01440896004209101,3831414.4180160016,0.00423990982796332,0.062533299370953,0.01440896004209101,0.00423990982796332,ETH-SPOT-CLASS-v0.1-PROVISIONAL,Binance official Spot Public Data Archive / checksum verified
2026-08-05T03:59:59.999Z,1785902399999,-2062011.5428539962,-0.044623866538129886,-311332.74029299244,-0.0009196008524938794,826961.1403449997,0.0009331646802950804,0.044623866538129886,0.0009196008524938794,0.0009331646802950804,ETH-SPOT-CLASS-v0.1-PROVISIONAL,Binance official Spot Public Data Archive / checksum verified
2026-08-05T07:59:59.999Z,1785916799999,-2688831.0398499966,-0.046661145559185505,-10719622.847915996,-0.03200037582906939,-247936.52365399525,-0.0002706348703584237,0.046661145559185505,0.03200037582906939,0.0002706348703584237,ETH-SPOT-CLASS-v0.1-PROVISIONAL,Binance official Spot Public Data Archive / checksum verified
2026-08-05T11:59:59.999Z,1785931199999,6547102.133150004,0.1370676698588609,-3226590.200624991,-0.00962521530267941,11019421.423017006,0.011844816259733241,0.1370676698588609,0.00962521530267941,0.011844816259733241,ETH-SPOT-CLASS-v0.1-PROVISIONAL,Binance official Spot Public Data Archive / checksum verified
2026-08-05T15:59:59.999Z,1785945599999,1322123.2383379936,0.011801685035197372,-6780899.981734995,-0.01869396512327781,9473275.224429,0.009279856494500542,0.011801685035197372,0.01869396512327781,0.009279856494500542,ETH-SPOT-CLASS-v0.1-PROVISIONAL,Binance official Spot Public Data Archive / checksum verified
2026-08-05T19:59:59.999Z,1785959999999,19567021.921159,0.13776206569992247,20673472.760656003,0.04721740706131838,21718301.783217,0.019327135063305988,0.13776206569992247,0.04721740706131838,0.019327135063305988,ETH-SPOT-CLASS-v0.1-PROVISIONAL,Binance official Spot Public Data Archive / checksum verified
2026-08-05T23:59:59.999Z,1785974399999,-2762460.748997003,-0.06286290727348906,19922943.960946,0.0443119795142265,13658371.985527996,0.01217658335975377,0.06286290727348906,0.0443119795142265,0.01217658335975377,ETH-SPOT-CLASS-v0.1-PROVISIONAL,Binance official Spot Public Data Archive / checksum verified
2026-08-06T03:59:59.999Z,1785988799999,-6959041.486142002,-0.14610579923756495,15025914.017657995,0.03331483560282045,13022038.945974994,0.011468964945471815,0.14610579923756495,0.03331483560282045,0.011468964945471815,ETH-SPOT-CLASS-v0.1-PROVISIONAL,Binance official Spot Public Data Archive / checksum verified
2026-08-06T07:59:59.999Z,1786003199999,-3328360.8587770015,-0.06998767752497856,14386384.19873099,0.032625184909555516,13121251.968533996,0.01159022052884092,0.06998767752497856,0.032625184909555516,0.01159022052884092,ETH-SPOT-CLASS-v0.1-PROVISIONAL,Binance official Spot Public Data Archive / checksum verified
2026-08-06T11:59:59.999Z,1786017599999,-5274983.668247998,-0.09221164425854787,2564298.3973329887,0.005693390532425721,13381612.369916003,0.011913412152635066,0.09221164425854787,0.005693390532425721,0.011913412152635066,ETH-SPOT-CLASS-v0.1-PROVISIONAL,Binance official Spot Public Data Archive / checksum verified
2026-08-06T15:59:59.999Z,1786031999999,-5191793.422986001,-0.051367625446333165,-3949618.2639910057,-0.008987800357749617,-4267786.354278002,-0.0037732518476590823,0.051367625446333165,0.008987800357749617,0.0037732518476590823,ETH-SPOT-CLASS-v0.1-PROVISIONAL,Binance official Spot Public Data Archive / checksum verified
2026-08-06T19:59:59.999Z,1786046399999,-3917355.9683799967,-0.06526942421311036,-27433996.15353,-0.07675445015957073,-5297701.576829996,-0.0046133848743816685,0.06526942421311036,0.07675445015957073,0.0046133848743816685,ETH-SPOT-CLASS-v0.1-PROVISIONAL,Binance official Spot Public Data Archive / checksum verified
2026-08-06T23:59:59.999Z,1786060799999,-4300020.069669001,-0.170520575601353,-28971555.474202,-0.08553794528166948,-4062982.9457349963,-0.0035818872414985765,0.170520575601353,0.08553794528166948,0.0035818872414985765,ETH-SPOT-CLASS-v0.1-PROVISIONAL,Binance official Spot Public Data Archive / checksum verified
2026-08-07T03:59:59.999Z,1786075199999,-1358595.6422380023,-0.03900339803146773,-23371109.630298,-0.07171232339939833,-8656528.352932997,-0.007760357391638019,0.03900339803146773,0.07171232339939833,0.007760357391638019,ETH-SPOT-CLASS-v0.1-PROVISIONAL,Binance official Spot Public Data Archive / checksum verified
2026-08-07T07:59:59.999Z,1786089599999,-1588988.198578,-0.040160111666771164,-21631736.970099,-0.06804341009027044,-17964975.619284004,-0.016423550239837156,0.040160111666771164,0.06804341009027044,0.016423550239837156,ETH-SPOT-CLASS-v0.1-PROVISIONAL,Binance official Spot Public Data Archive / checksum verified
2026-08-07T11:59:59.999Z,1786103999999,-31320280.557887003,-0.31164074132573455,-47677033.85973801,-0.13199370028311253,-48339325.663030006,-0.04215043187495881,0.31164074132573455,0.13199370028311253,0.04215043187495881,ETH-SPOT-CLASS-v0.1-PROVISIONAL,Binance official Spot Public Data Archive / checksum verified
2026-08-07T15:59:59.999Z,1786118399999,12097397.697340012,0.08757082554919669,-30387842.73941199,-0.07629773869095821,-41118360.98513799,-0.0342523446540221,0.08757082554919669,0.07629773869095821,0.0342523446540221,ETH-SPOT-CLASS-v0.1-PROVISIONAL,Binance official Spot Public Data Archive / checksum verified
2026-08-07T19:59:59.999Z,1786132799999,-12603264.698085003,-0.20661672051243712,-39073751.469117,-0.0978654860318646,-45834274.861990996,-0.03837041933918144,0.20661672051243712,0.0978654860318646,0.03837041933918144,ETH-SPOT-CLASS-v0.1-PROVISIONAL,Binance official Spot Public Data Archive / checksum verified
2026-08-07T23:59:59.999Z,1786147199999,-3781857.9920940027,-0.1314469387767426,-38555589.391542,-0.09571567591218735,-47604200.904798,-0.039965972257624396,0.1314469387767426,0.09571567591218735,0.039965972257624396,ETH-SPOT-CLASS-v0.1-PROVISIONAL,Binance official Spot Public Data Archive / checksum verified
2026-08-08T03:59:59.999Z,1786161599999,-3427212.3174829986,-0.19817801304885552,-40624206.066787,-0.10544221355750334,-48969401.679427,-0.04213497444636377,0.19817801304885552,0.10544221355750334,0.04213497444636377,ETH-SPOT-CLASS-v0.1-PROVISIONAL,Binance official Spot Public Data Archive / checksum verified
2026-08-08T07:59:59.999Z,1786175999999,251268.33571599983,0.019766557578821724,-38783949.532492995,-0.1082080897148712,-46029302.30386101,-0.04119726097857537,0.019766557578821724,0.1082080897148712,0.04119726097857537,ETH-SPOT-CLASS-v0.1-PROVISIONAL,Binance official Spot Public Data Archive / checksum verified
2026-08-08T11:59:59.999Z,1786190399999,-2099553.405852001,-0.11254574828735664,-9563222.380457994,-0.0345774544338578,-54675957.84286301,-0.050245325470729456,0.11254574828735664,0.0345774544338578,0.050245325470729456,ETH-SPOT-CLASS-v0.1-PROVISIONAL,Binance official Spot Public Data Archive / checksum verified
2026-08-08T15:59:59.999Z,1786204799999,782602.2137390003,0.032937219168823154,-20878017.864059005,-0.12872552475367416,-55215478.867462,-0.05522033447690239,0.032937219168823154,0.12872552475367416,0.05522033447690239,ETH-SPOT-CLASS-v0.1-PROVISIONAL,Binance official Spot Public Data Archive / checksum verified
2026-08-08T19:59:59.999Z,1786219199999,2016503.2221559994,0.09777617822451314,-6258249.943818003,-0.0513747910869397,-72765997.566465,-0.08282974261174773,0.09777617822451314,0.0513747910869397,0.08282974261174773,ETH-SPOT-CLASS-v0.1-PROVISIONAL,Binance official Spot Public Data Archive / checksum verified
2026-08-08T23:59:59.999Z,1786233599999,-898171.9088549986,-0.05570906666009511,-3374563.860578999,-0.030911901816800806,-70901708.726323,-0.08334717915144124,0.05570906666009511,0.030911901816800806,0.08334717915144124,ETH-SPOT-CLASS-v0.1-PROVISIONAL,Binance official Spot Public Data Archive / checksum verified
2026-08-09T03:59:59.999Z,1786247999999,-3131921.726213999,-0.19587368868079277,-3079273.2693099994,-0.02854799527929932,-67074588.96639499,-0.08189430439843244,0.19587368868079277,0.02854799527929932,0.08189430439843244,ETH-SPOT-CLASS-v0.1-PROVISIONAL,Binance official Spot Public Data Archive / checksum verified
2026-08-09T07:59:59.999Z,1786262399999,-1319317.043531999,-0.05682102476659034,-4649858.648557998,-0.03928238893916613,-65065545.15114999,-0.08187425181997378,0.05682102476659034,0.03928238893916613,0.08187425181997378,ETH-SPOT-CLASS-v0.1-PROVISIONAL,Binance official Spot Public Data Archive / checksum verified
2026-08-09T11:59:59.999Z,1786276799999,-21255.952566999942,-0.0008028817527064798,-2571561.195272997,-0.02037856369258082,-59811817.435468994,-0.07829075877023942,0.0008028817527064798,0.02037856369258082,0.07829075877023942,ETH-SPOT-CLASS-v0.1-PROVISIONAL,Binance official Spot Public Data Archive / checksum verified
2026-08-09T15:59:59.999Z,1786291199999,1656952.3745910004,0.055643007690791425,-1697211.034420997,-0.012837492114842869,-52963071.63789199,-0.07646139452721347,0.055643007690791425,0.012837492114842869,0.07646139452721347,ETH-SPOT-CLASS-v0.1-PROVISIONAL,Binance official Spot Public Data Archive / checksum verified
2026-08-09T19:59:59.999Z,1786305599999,-885572.5437139999,-0.05806135110935752,-4599286.800290996,-0.03626166565976661,-49931288.213226,-0.07706499294460809,0.05806135110935752,0.03626166565976661,0.07706499294460809,ETH-SPOT-CLASS-v0.1-PROVISIONAL,Binance official Spot Public Data Archive / checksum verified
2026-08-09T23:59:59.999Z,1786319999999,-926306.5190469995,-0.015972184749587164,-4627421.410482997,-0.027428502793520496,-46557574.662604,-0.06839768112794241,0.015972184749587164,0.027428502793520496,0.06839768112794241,ETH-SPOT-CLASS-v0.1-PROVISIONAL,Binance official Spot Public Data Archive / checksum verified
2026-08-10T03:59:59.999Z,1786334399999,-2519862.3643099964,-0.041682984773655736,-4015362.0485789943,-0.018836252856317834,-47718841.38467599,-0.06756079552775766,0.041682984773655736,0.018836252856317834,0.06756079552775766,ETH-SPOT-CLASS-v0.1-PROVISIONAL,Binance official Spot Public Data Archive / checksum verified
2026-08-10T07:59:59.999Z,1786348799999,-2824960.1376679987,-0.05644793687210942,-5521005.142714994,-0.0230043212782782,-48954813.323765986,-0.06829740994947461,0.05644793687210942,0.0230043212782782,0.06829740994947461,ETH-SPOT-CLASS-v0.1-PROVISIONAL,Binance official Spot Public Data Archive / checksum verified
2026-08-10T11:59:59.999Z,1786363199999,2070107.8078759983,0.05238519099295907,-3429641.382271996,-0.01355369413394807,-15564424.958002986,-0.02373332953241309,0.05238519099295907,0.01355369413394807,0.02373332953241309,ETH-SPOT-CLASS-v0.1-PROVISIONAL,Binance official Spot Public Data Archive / checksum verified
2026-08-10T15:59:59.999Z,1786377599999,-22879019.485963985,-0.16602440733925758,-27965613.242826983,-0.07745249022672523,-50540842.14130698,-0.07710678882091984,0.16602440733925758,0.07745249022672523,0.07710678882091984,ETH-SPOT-CLASS-v0.1-PROVISIONAL,Binance official Spot Public Data Archive / checksum verified
2026-08-10T19:59:59.999Z,1786391999999,-12483891.361164004,-0.16041595414732368,-39563932.060276985,-0.09339098000393534,-50421468.80438598,-0.07499966487912957,0.16041595414732368,0.09339098000393534,0.07499966487912957,ETH-SPOT-CLASS-v0.1-PROVISIONAL,Binance official Spot Public Data Archive / checksum verified
2026-08-10T23:59:59.999Z,1786406399999,-6786224.841212999,-0.2073270338478442,-45423850.38244298,-0.11402295286511267,-53425835.65350498,-0.0790030547620994,0.2073270338478442,0.11402295286511267,0.0790030547620994,ETH-SPOT-CLASS-v0.1-PROVISIONAL,Binance official Spot Public Data Archive / checksum verified
2026-08-11T03:59:59.999Z,1786420799999,1212395.0776989982,0.03368104097572637,-41691592.940433994,-0.1114993046765329,-48786228.258322984,-0.0702007580295462,0.03368104097572637,0.1114993046765329,0.0702007580295462,ETH-SPOT-CLASS-v0.1-PROVISIONAL,Binance official Spot Public Data Archive / checksum verified
2026-08-11T07:59:59.999Z,1786435199999,-9916359.466867,-0.1849631285478695,-48782992.269632995,-0.12923154231384282,-58953856.060905986,-0.08011625683184809,0.1849631285478695,0.12923154231384282,0.08011625683184809,ETH-SPOT-CLASS-v0.1-PROVISIONAL,Binance official Spot Public Data Archive / checksum verified
2026-08-11T11:59:59.999Z,1786449599999,-3005166.2125020027,-0.04792447975500275,-53858266.29001099,-0.13441902605872705,-59859468.86755598,-0.07675225416678418,0.04792447975500275,0.13441902605872705,0.07675225416678418,ETH-SPOT-CLASS-v0.1-PROVISIONAL,Binance official Spot Public Data Archive / checksum verified
2026-08-11T15:59:59.999Z,1786463999999,-14182283.32946299,-0.13489153641521107,-45161530.13350999,-0.12271898387865413,-74824354.41075797,-0.08687545439510229,0.13489153641521107,0.12271898387865413,0.08687545439510229,ETH-SPOT-CLASS-v0.1-PROVISIONAL,Binance official Spot Public Data Archive / checksum verified
2026-08-11T19:59:59.999Z,1786478399999,-4626170.4418020025,-0.07566747807477169,-37303809.214148,-0.10618069188093023,-81467028.07471597,-0.0903384917414694,0.07566747807477169,0.10618069188093023,0.0903384917414694,ETH-SPOT-CLASS-v0.1-PROVISIONAL,Binance official Spot Public Data Archive / checksum verified
2026-08-11T23:59:59.999Z,1786492799999,3593492.2967600003,0.08120585798414907,-26924092.076174997,-0.07420304286550992,-76975363.86910097,-0.08277573998701343,0.08120585798414907,0.07420304286550992,0.08277573998701343,ETH-SPOT-CLASS-v0.1-PROVISIONAL,Binance official Spot Public Data Archive / checksum verified
2026-08-12T03:59:59.999Z,1786507199999,-789044.6421729997,-0.02866441941869024,-28925531.796046995,-0.08162428085160513,-74632486.78505997,-0.07927279167926793,0.02866441941869024,0.08162428085160513,0.07927279167926793,ETH-SPOT-CLASS-v0.1-PROVISIONAL,Binance official Spot Public Data Archive / checksum verified
2026-08-12T07:59:59.999Z,1786521599999,-760693.3645720035,-0.02180403366657314,-19769865.693752,-0.058900377925160424,-74073863.10609998,-0.0777161869505753,0.02180403366657314,0.058900377925160424,0.0777161869505753,ETH-SPOT-CLASS-v0.1-PROVISIONAL,Binance official Spot Public Data Archive / checksum verified
2026-08-12T11:59:59.999Z,1786535999999,1568077.643716991,0.02170081499061184,-15196621.837533005,-0.04402242198239435,-72484529.50981599,-0.07256308896880513,0.02170081499061184,0.04402242198239435,0.07256308896880513,ETH-SPOT-CLASS-v0.1-PROVISIONAL,Binance official Spot Public Data Archive / checksum verified
2026-08-12T15:59:59.999Z,1786550399999,-4815253.298709005,-0.04402333933348276,-5829591.80677902,-0.016682526076910387,-78956735.183116,-0.07320850230552575,0.04402333933348276,0.016682526076910387,0.07320850230552575,ETH-SPOT-CLASS-v0.1-PROVISIONAL,Binance official Spot Public Data Archive / checksum verified
2026-08-12T19:59:59.999Z,1786564799999,-3065608.397359997,-0.07516999500702379,-4269029.762337014,-0.012972337220669025,-81136771.036762,-0.07349021457435062,0.07516999500702379,0.012972337220669025,0.07349021457435062,ETH-SPOT-CLASS-v0.1-PROVISIONAL,Binance official Spot Public Data Archive / checksum verified
2026-08-12T23:59:59.999Z,1786579199999,2045620.9745170027,0.05128516011054616,-5816901.084580012,-0.017913440184126214,-78164843.54319799,-0.0719789146994603,0.05128516011054616,0.017913440184126214,0.0719789146994603,ETH-SPOT-CLASS-v0.1-PROVISIONAL,Binance official Spot Public Data Archive / checksum verified
2026-08-13T03:59:59.999Z,1786593599999,3924743.611263998,0.08336036519026334,-1103112.8311430141,-0.003204139511298735,-71720237.567624,-0.06686768473115176,0.08336036519026334,0.003204139511298735,0.06686768473115176,ETH-SPOT-CLASS-v0.1-PROVISIONAL,Binance official Spot Public Data Archive / checksum verified
2026-08-13T07:59:59.999Z,1786607999999,4204697.353596002,0.11218981260157372,3862277.887024991,0.011134716570346523,-64690580.07636,-0.06102870577280179,0.11218981260157372,0.011134716570346523,0.06102870577280179,ETH-SPOT-CLASS-v0.1-PROVISIONAL,Binance official Spot Public Data Archive / checksum verified
2026-08-13T11:59:59.999Z,1786622399999,3191392.305707,0.057547615212416886,5485592.549015,0.016619698154061335,-63569295.578529,-0.05908245575496953,0.057547615212416886,0.016619698154061335,0.05908245575496953,ETH-SPOT-CLASS-v0.1-PROVISIONAL,Binance official Spot Public Data Archive / checksum verified
2026-08-13T15:59:59.999Z,1786636799999,685737.8403030038,0.011015423286596134,10986583.68802701,0.0388302645411022,-40004538.25226201,-0.03998896810681033,0.011015423286596134,0.0388302645411022,0.03998896810681033,ETH-SPOT-CLASS-v0.1-PROVISIONAL,Binance official Spot Public Data Archive / checksum verified
2026-08-13T19:59:59.999Z,1786651199999,-2089015.331961006,-0.030324847122207507,11963176.753426,0.0384613344237547,-29609662.22305901,-0.029864849456896454,0.030324847122207507,0.0384613344237547,0.029864849456896454,ETH-SPOT-CLASS-v0.1-PROVISIONAL,Binance official Spot Public Data Archive / checksum verified
2026-08-13T23:59:59.999Z,1786665599999,-1311447.9626429975,-0.06741193516890583,8606107.816266,0.0296138105228899,-24134885.34448901,-0.024673318286220314,0.06741193516890583,0.0296138105228899,0.024673318286220314,ETH-SPOT-CLASS-v0.1-PROVISIONAL,Binance official Spot Public Data Archive / checksum verified
2026-08-14T03:59:59.999Z,1786679999999,-3280240.853634998,-0.14531897087206155,1401123.3513670042,0.005265355261618379,-28627521.275823005,-0.029673394132285386,0.14531897087206155,0.005265355261618379,0.029673394132285386,ETH-SPOT-CLASS-v0.1-PROVISIONAL,Binance official Spot Public Data Archive / checksum verified
2026-08-14T07:59:59.999Z,1786694399999,-2226122.2687420025,-0.06918704321726486,-5029696.270971,-0.019285694269326584,-20937284.077698007,-0.02219539345495244,0.06918704321726486,0.019285694269326584,0.02219539345495244,ETH-SPOT-CLASS-v0.1-PROVISIONAL,Binance official Spot Public Data Archive / checksum verified
2026-08-14T11:59:59.999Z,1786708799999,3357598.496772997,0.08733065758531286,-4863490.079905003,-0.019949526751634555,-14574519.368423007,-0.015858117948503864,0.08733065758531286,0.019949526751634555,0.015858117948503864,ETH-SPOT-CLASS-v0.1-PROVISIONAL,Binance official Spot Public Data Archive / checksum verified
2026-08-14T15:59:59.999Z,1786723199999,455202.65542300045,0.007833101863307497,-5094025.264785007,-0.021256110571160964,62966.61646298319,7.220680660453777e-05,0.007833101863307497,0.021256110571160964,7.220680660453777e-05,ETH-SPOT-CLASS-v0.1-PROVISIONAL,Binance official Spot Public Data Archive / checksum verified
2026-08-14T19:59:59.999Z,1786737599999,2068174.9959459975,0.05653057623549584,-936834.9368780032,-0.004518196875389824,6757312.054210983,0.007973431849469524,0.05653057623549584,0.004518196875389824,0.007973431849469524,ETH-SPOT-CLASS-v0.1-PROVISIONAL,Binance official Spot Public Data Archive / checksum verified
2026-08-14T23:59:59.999Z,1786751999999,-1383369.6363319997,-0.09138484209793009,-1008756.6105670054,-0.004968493301024136,1780450.1211189833,0.0021756193892100927,0.09138484209793009,0.004968493301024136,0.0021756193892100927,ETH-SPOT-CLASS-v0.1-PROVISIONAL,Binance official Spot Public Data Archive / checksum verified
2026-08-15T03:59:59.999Z,1786766399999,-715565.4709079992,-0.053171093966068284,1555918.7721599936,0.0080236829966494,1853929.2923839837,0.002305034944440655,0.053171093966068284,0.0080236829966494,0.002305034944440655,ETH-SPOT-CLASS-v0.1-PROVISIONAL,Binance official Spot Public Data Archive / checksum verified
2026-08-15T07:59:59.999Z,1786780799999,393035.6352009997,0.02963923634370304,4175076.676102996,0.023857442629337887,3007658.292156987,0.0038428255519064275,0.02963923634370304,0.023857442629337887,0.0038428255519064275,ETH-SPOT-CLASS-v0.1-PROVISIONAL,Binance official Spot Public Data Archive / checksum verified
2026-08-15T11:59:59.999Z,1786795199999,1340948.3187039997,0.08798605784298029,2158426.4980339985,0.014219397041794183,2780528.9671439957,0.00383177709764601,0.08798605784298029,0.014219397041794183,0.00383177709764601,ETH-SPOT-CLASS-v0.1-PROVISIONAL,Binance official Spot Public Data Archive / checksum verified
2026-08-15T15:59:59.999Z,1786809599999,-3343988.456486998,-0.17119362664456594,-1640764.613876,-0.014492442091990548,4251793.809366003,0.006687273432471786,0.17119362664456594,0.014492442091990548,0.006687273432471786,ETH-SPOT-CLASS-v0.1-PROVISIONAL,Binance official Spot Public Data Archive / checksum verified
2026-08-15T19:59:59.999Z,1786823999999,-523035.2348919995,-0.033727709432464385,-4231974.844713997,-0.04593097684545369,6794366.971834,0.011128654984387611,0.033727709432464385,0.04593097684545369,0.011128654984387611,ETH-SPOT-CLASS-v0.1-PROVISIONAL,Binance official Spot Public Data Archive / checksum verified
2026-08-15T23:59:59.999Z,1786838399999,-1246406.320417,-0.09067158522503653,-4095011.5287989974,-0.045125962060921926,3502339.6768999975,0.0059931729027362735,0.09067158522503653,0.045125962060921926,0.0059931729027362735,ETH-SPOT-CLASS-v0.1-PROVISIONAL,Binance official Spot Public Data Archive / checksum verified
2026-08-16T03:59:59.999Z,1786852799999,-470372.9006550014,-0.028088879488589225,-3849818.9585459996,-0.04094056947989017,-892776.8350190017,-0.0016113579748717746,0.028088879488589225,0.04094056947989017,0.0016113579748717746,ETH-SPOT-CLASS-v0.1-PROVISIONAL,Binance official Spot Public Data Archive / checksum verified
2026-08-16T07:59:59.999Z,1786867199999,1161870.0866369996,0.09760786351555896,-3080984.5071099997,-0.0332442830893679,-3935604.101978004,-0.007447061213313062,0.09760786351555896,0.0332442830893679,0.007447061213313062,ETH-SPOT-CLASS-v0.1-PROVISIONAL,Binance official Spot Public Data Archive / checksum verified
2026-08-16T11:59:59.999Z,1786881599999,692199.7956259996,0.04768576055391532,-3729733.030188,-0.0405615103214952,-6434796.612059005,-0.013198586957018204,0.04768576055391532,0.0405615103214952,0.013198586957018204,ETH-SPOT-CLASS-v0.1-PROVISIONAL,Binance official Spot Public Data Archive / checksum verified
2026-08-16T15:59:59.999Z,1786895999999,-7092332.116306998,-0.41248773082308315,-7478076.690008,-0.08344839075184698,-14212866.568669006,-0.03212104713108604,0.41248773082308315,0.08344839075184698,0.03212104713108604,ETH-SPOT-CLASS-v0.1-PROVISIONAL,Binance official Spot Public Data Archive / checksum verified
2026-08-16T19:59:59.999Z,1786910399999,1528406.0676539987,0.05430242480358821,-5426635.387462001,-0.05307129738025707,-10595445.169054002,-0.026374110892722732,0.05430242480358821,0.05307129738025707,0.026374110892722732,ETH-SPOT-CLASS-v0.1-PROVISIONAL,Binance official Spot Public Data Archive / checksum verified
2026-08-16T23:59:59.999Z,1786924799999,3487904.9595300034,0.0860988937159578,-692324.107514998,-0.005366193715663034,-5796092.246881001,-0.013709061147914538,0.0860988937159578,0.005366193715663034,0.013709061147914538,ETH-SPOT-CLASS-v0.1-PROVISIONAL,Binance official Spot Public Data Archive / checksum verified
2026-08-17T03:59:59.999Z,1786939199999,7642241.535900995,0.0956099953270505,7420290.329040999,0.038606849782744306,5126390.142654993,0.010676609543351478,0.0956099953270505,0.038606849782744306,0.010676609543351478,ETH-SPOT-CLASS-v0.1-PROVISIONAL,Binance official Spot Public Data Archive / checksum verified
2026-08-17T07:59:59.999Z,1786953599999,-2573112.049583003,-0.044815250402601786,3685308.192820996,0.015503122060497783,4779400.361813992,0.009456816978908928,0.044815250402601786,0.015503122060497783,0.009456816978908928,ETH-SPOT-CLASS-v0.1-PROVISIONAL,Binance official Spot Public Data Archive / checksum verified
2026-08-17T11:59:59.999Z,1786967999999,-1943270.3582510054,-0.04411560199226366,1049838.038943991,0.003928335037206773,-521468.49321001023,-0.0010204970387982918,0.04411560199226366,0.003928335037206773,0.0010204970387982918,ETH-SPOT-CLASS-v0.1-PROVISIONAL,Binance official Spot Public Data Archive / checksum verified
2026-08-17T15:59:59.999Z,1786982399999,-1835341.3038119972,-0.024214778002235364,6306828.851438992,0.01935513694575209,-2812012.452445008,-0.005318969379813162,0.024214778002235364,0.01935513694575209,0.005318969379813162,ETH-SPOT-CLASS-v0.1-PROVISIONAL,Binance official Spot Public Data Archive / checksum verified
2026-08-17T19:59:59.999Z,1786996799999,3293081.949974999,0.07262287636688053,8071504.733759992,0.023528888110979487,-1587105.4984160066,-0.0029531055673689024,0.07262287636688053,0.023528888110979487,0.0029531055673689024,ETH-SPOT-CLASS-v0.1-PROVISIONAL,Binance official Spot Public Data Archive / checksum verified
2026-08-17T23:59:59.999Z,1787011199999,-770178.765234001,-0.024210528600904065,3813421.0089959875,0.01140554918758315,-973914.6273180079,-0.0017576197532565047,0.024210528600904065,0.01140554918758315,0.0017576197532565047,ETH-SPOT-CLASS-v0.1-PROVISIONAL,Binance official Spot Public Data Archive / checksum verified
2026-08-18T03:59:59.999Z,1787025599999,-7800025.487400003,-0.14798905939549786,-11628846.01430501,-0.037863779033954215,-8058374.643810011,-0.013580943968224195,0.14798905939549786,0.037863779033954215,0.013580943968224195,ETH-SPOT-CLASS-v0.1-PROVISIONAL,Binance official Spot Public Data Archive / checksum verified
2026-08-18T07:59:59.999Z,1787039999999,-2649285.803744003,-0.07137562987076836,-11705019.76846601,-0.040808960411199025,-11100696.082755014,-0.017985113044461494,0.07137562987076836,0.040808960411199025,0.017985113044461494,ETH-SPOT-CLASS-v0.1-PROVISIONAL,Binance official Spot Public Data Archive / checksum verified
2026-08-18T11:59:59.999Z,1787054399999,812237.260848999,0.022656948570694873,-8949512.149366006,-0.032120321731997484,-11629407.140610015,-0.018232920321132697,0.022656948570694873,0.032120321731997484,0.018232920321132697,ETH-SPOT-CLASS-v0.1-PROVISIONAL,Binance official Spot Public Data Archive / checksum verified
2026-08-18T15:59:59.999Z,1787068799999,485734.1284649968,0.005961716221271125,-6628436.717089012,-0.02331445366530386,-7799684.55565802,-0.011146118249495459,0.005961716221271125,0.02331445366530386,0.011146118249495459,ETH-SPOT-CLASS-v0.1-PROVISIONAL,Binance official Spot Public Data Archive / checksum verified
2026-08-18T19:59:59.999Z,1787083199999,-5505554.464695998,-0.13924631197351495,-15427073.131760009,-0.05539360447982384,-12782203.785462018,-0.01765991567577537,0.13924631197351495,0.05539360447982384,0.01765991567577537,ETH-SPOT-CLASS-v0.1-PROVISIONAL,Binance official Spot Public Data Archive / checksum verified
2026-08-18T23:59:59.999Z,1787097599999,-1675518.841492001,-0.05852150051207727,-16332413.208018009,-0.05932193726532335,-13211316.30653702,-0.01788498482227799,0.05852150051207727,0.05932193726532335,0.01788498482227799,ETH-SPOT-CLASS-v0.1-PROVISIONAL,Binance official Spot Public Data Archive / checksum verified
2026-08-19T03:59:59.999Z,1787111999999,-1190554.5676909983,-0.027915248257444163,-9722942.288309004,-0.03665433051053832,-13931497.973573016,-0.018220992611444244,0.027915248257444163,0.03665433051053832,0.018220992611444244,ETH-SPOT-CLASS-v0.1-PROVISIONAL,Binance official Spot Public Data Archive / checksum verified
2026-08-19T07:59:59.999Z,1787126399999,2352885.245860003,0.04982098061778155,-4720771.238704998,-0.0171433951101623,-12740482.814350013,-0.01592742788318268,0.04982098061778155,0.0171433951101623,0.01592742788318268,ETH-SPOT-CLASS-v0.1-PROVISIONAL,Binance official Spot Public Data Archive / checksum verified
2026-08-19T11:59:59.999Z,1787140799999,325658.3966669962,0.007103457614117268,-5207350.102887001,-0.018248010065111783,-13107024.213309016,-0.015768084643455485,0.007103457614117268,0.018248010065111783,0.015768084643455485,ETH-SPOT-CLASS-v0.1-PROVISIONAL,Binance official Spot Public Data Archive / checksum verified
2026-08-19T15:59:59.999Z,1787155199999,43000384.22883594,0.07105009388379138,37307299.99748394,0.0461095127042237,36985692.131833926,0.026059921039128717,0.07105009388379138,0.0461095127042237,0.026059921039128717,ETH-SPOT-CLASS-v0.1-PROVISIONAL,Binance official Spot Public Data Archive / checksum verified
2026-08-19T19:59:59.999Z,1787169599999,-1619972.173615992,-0.005479256900101846,41192882.28856395,0.038670802270421904,33837313.890563935,0.020060479109228948,0.005479256900101846,0.038670802270421904,0.020060479109228948,ETH-SPOT-CLASS-v0.1-PROVISIONAL,Binance official Spot Public Data Archive / checksum verified
2026-08-19T23:59:59.999Z,1787183999999,29029838.76689291,0.045159762122699496,71898239.89694886,0.0428115112627471,59379247.697926834,0.025940225394909318,0.045159762122699496,0.0428115112627471,0.025940225394909318,ETH-SPOT-CLASS-v0.1-PROVISIONAL,Binance official Spot Public Data Archive / checksum verified
2026-08-20T03:59:59.999Z,1787198399999,-904722.5490860045,-0.0037139322325892765,72184071.91555385,0.03838828567771012,50832283.612939835,0.02072460187029661,0.0037139322325892765,0.03838828567771012,0.02072460187029661,ETH-SPOT-CLASS-v0.1-PROVISIONAL,Binance official Spot Public Data Archive / checksum verified
2026-08-20T07:59:59.999Z,1787212799999,5168402.106218994,0.030937596912881983,74999588.77591285,0.037496057742313536,58573797.76874183,0.022859015350273664,0.030937596912881983,0.037496057742313536,0.022859015350273664,ETH-SPOT-CLASS-v0.1-PROVISIONAL,Binance official Spot Public Data Archive / checksum verified
2026-08-20T11:59:59.999Z,1787227199999,34667313.955082,0.10201006973382146,109341244.33432785,0.047659933381776584,95184382.08207484,0.03330237141363084,0.10201006973382146,0.047659933381776584,0.03330237141363084,ETH-SPOT-CLASS-v0.1-PROVISIONAL,Binance official Spot Public Data Archive / checksum verified
2026-08-20T15:59:59.999Z,1787241599999,25836219.24730301,0.08094064923878239,92177079.35279492,0.04590072130017621,122855942.63318984,0.03961061237192529,0.08094064923878239,0.04590072130017621,0.03961061237192529,ETH-SPOT-CLASS-v0.1-PROVISIONAL,Binance official Spot Public Data Archive / checksum verified
2026-08-20T19:59:59.999Z,1787255999999,260861.77272200584,0.000801380936267795,94057913.29913291,0.04615108121330267,119823722.45593685,0.03543233499802039,0.000801380936267795,0.04615108121330267,0.03543233499802039,ETH-SPOT-CLASS-v0.1-PROVISIONAL,Binance official Spot Public Data Archive / checksum verified
2026-08-20T23:59:59.999Z,1787270399999,-1908216.7028809935,-0.0210920508912533,63119857.82935901,0.042485239412606034,118685684.51828986,0.03449742934881606,0.0210920508912533,0.042485239412606034,0.03449742934881606,ETH-SPOT-CLASS-v0.1-PROVISIONAL,Binance official Spot Public Data Archive / checksum verified
2026-08-21T03:59:59.999Z,1787284799999,14804136.243905991,0.06569877166973574,78828716.622351,0.053719248449148584,141289846.24959585,0.03910544529794624,0.06569877166973574,0.053719248449148584,0.03910544529794624,ETH-SPOT-CLASS-v0.1-PROVISIONAL,Binance official Spot Public Data Archive / checksum verified
2026-08-21T07:59:59.999Z,1787299199999,-5052677.899345994,-0.023334597051423652,68607636.61678602,0.04522905508629217,138886454.15399387,0.03662171299159373,0.023334597051423652,0.04522905508629217,0.03662171299159373,ETH-SPOT-CLASS-v0.1-PROVISIONAL,Binance official Spot Public Data Archive / checksum verified
2026-08-21T11:59:59.999Z,1787313599999,13377477.947584987,0.032044619277131654,47317800.609289005,0.029675356076546044,151451694.84072986,0.03628387916241019,0.032044619277131654,0.029675356076546044,0.03628387916241019,ETH-SPOT-CLASS-v0.1-PROVISIONAL,Binance official Spot Public Data Archive / checksum verified
2026-08-21T15:59:59.999Z,1787327999999,31664100.55128801,0.11189348723247355,53145681.913274005,0.03410491577723475,182630061.26355287,0.04173842862105162,0.11189348723247355,0.03410491577723475,0.04173842862105162,ETH-SPOT-CLASS-v0.1-PROVISIONAL,Binance official Spot Public Data Archive / checksum verified
2026-08-21T19:59:59.999Z,1787342399999,31262995.207688957,0.13019397010294204,84147815.34824096,0.057130288939888335,219398610.93593782,0.04794368278794813,0.13019397010294204,0.057130288939888335,0.04794368278794813,ETH-SPOT-CLASS-v0.1-PROVISIONAL,Binance official Spot Public Data Archive / checksum verified
2026-08-21T23:59:59.999Z,1787356799999,68989766.21641898,0.17070546116889837,155045798.26754093,0.08678333748671271,290063895.9938488,0.058578794159136374,0.17070546116889837,0.08678333748671271,0.058578794159136374,ETH-SPOT-CLASS-v0.1-PROVISIONAL,Binance official Spot Public Data Archive / checksum verified
2026-08-22T03:59:59.999Z,1787371199999,15977475.12808299,0.07357921211238995,156219137.15171793,0.08784262169911536,307231925.68962276,0.059933830044975656,0.07357921211238995,0.08784262169911536,0.059933830044975656,ETH-SPOT-CLASS-v0.1-PROVISIONAL,Binance official Spot Public Data Archive / checksum verified
2026-08-22T07:59:59.999Z,1787385599999,-20621022.67998004,-0.046380781056275085,140650792.3710839,0.07009865953689061,284258017.76378274,0.05146281513969788,0.046380781056275085,0.07009865953689061,0.05146281513969788,ETH-SPOT-CLASS-v0.1-PROVISIONAL,Binance official Spot Public Data Archive / checksum verified
2026-08-22T11:59:59.999Z,1787399999999,-5698863.513004988,-0.02922129837619043,121574450.91049391,0.0681459950163856,278233495.8541108,0.0490474559288133,0.02922129837619043,0.0681459950163856,0.0490474559288133,ETH-SPOT-CLASS-v0.1-PROVISIONAL,Binance official Spot Public Data Archive / checksum verified
2026-08-22T15:59:59.999Z,1787414399999,6261851.398158014,0.048792776491973756,96172201.75736392,0.059023779545753635,241494963.02343285,0.04647830680434847,0.048792776491973756,0.059023779545753635,0.04647830680434847,ETH-SPOT-CLASS-v0.1-PROVISIONAL,Binance official Spot Public Data Archive / checksum verified
2026-08-22T19:59:59.999Z,1787428799999,20959929.999462992,0.22838434193507218,85869136.54913795,0.05797937052612971,264074865.1965118,0.05289978831316553,0.22838434193507218,0.05797937052612971,0.05289978831316553,ETH-SPOT-CLASS-v0.1-PROVISIONAL,Binance official Spot Public Data Archive / checksum verified
2026-08-22T23:59:59.999Z,1787443199999,-8158881.973715991,-0.07376094749939252,8720488.359002978,0.007343590345084599,226886144.45590293,0.05087394993686861,0.07376094749939252,0.007343590345084599,0.05087394993686861,ETH-SPOT-CLASS-v0.1-PROVISIONAL,Binance official Spot Public Data Archive / checksum verified
2026-08-23T03:59:59.999Z,1787457599999,341750.9570520073,0.004116718804944706,-6915235.812028006,-0.006564897711987568,228132617.96204093,0.053064171872340006,0.004116718804944706,0.006564897711987568,0.053064171872340006,ETH-SPOT-CLASS-v0.1-PROVISIONAL,Binance official Spot Public Data Archive / checksum verified
2026-08-23T07:59:59.999Z,1787471999999,6645442.245912999,0.03624490486667096,20351229.113865033,0.025692398009877174,229609658.10173494,0.05320613959210911,0.03624490486667096,0.025692398009877174,0.05320613959210911,ETH-SPOT-CLASS-v0.1-PROVISIONAL,Binance official Spot Public Data Archive / checksum verified
2026-08-23T11:59:59.999Z,1787486399999,32709483.911388993,0.25955971190060245,58759576.538259014,0.08126000736977186,227651828.05804193,0.05550249947833867,0.25955971190060245,0.08126000736977186,0.05550249947833867,ETH-SPOT-CLASS-v0.1-PROVISIONAL,Binance official Spot Public Data Archive / checksum verified
2026-08-23T15:59:59.999Z,1787500799999,25766494.461584985,0.0977698115500534,78264219.60168599,0.09118382412972356,227582103.2723239,0.05624876484158784,0.0977698115500534,0.09118382412972356,0.05624876484158784,ETH-SPOT-CLASS-v0.1-PROVISIONAL,Binance official Spot Public Data Archive / checksum verified
2026-08-23T19:59:59.999Z,1787515199999,-1507443.6129289865,-0.015991325035077157,55796845.98929401,0.06481945009406047,225813797.8866729,0.059195008327337706,0.015991325035077157,0.06481945009406047,0.059195008327337706,ETH-SPOT-CLASS-v0.1-PROVISIONAL,Binance official Spot Public Data Archive / checksum verified
2026-08-23T23:59:59.999Z,1787529599999,10666580.514063,0.0626696598826291,74622308.477073,0.08107640936982291,238388595.1036169,0.06121197761637386,0.0626696598826291,0.08107640936982291,0.06121197761637386,ETH-SPOT-CLASS-v0.1-PROVISIONAL,Binance official Spot Public Data Archive / checksum verified
2026-08-24T03:59:59.999Z,1787543999999,-9006112.247818008,-0.0678525466832501,65274445.27220298,0.06728560496138279,214578346.6118929,0.05644016100341106,0.0678525466832501,0.06728560496138279,0.05644016100341106,ETH-SPOT-CLASS-v0.1-PROVISIONAL,Binance official Spot Public Data Archive / checksum verified
2026-08-24T07:59:59.999Z,1787558399999,-191803.57352298498,-0.001310176377570632,58437199.452767,0.06262311505330684,219439220.93771592,0.058803506245144334,0.001310176377570632,0.06262311505330684,0.058803506245144334,ETH-SPOT-CLASS-v0.1-PROVISIONAL,Binance official Spot Public Data Archive / checksum verified
2026-08-24T11:59:59.999Z,1787572799999,24429928.266337007,0.11630184508213043,50157643.80771501,0.04930980363858755,230491671.25646794,0.06540015436817494,0.11630184508213043,0.04930980363858755,0.06540015436817494,ETH-SPOT-CLASS-v0.1-PROVISIONAL,Binance official Spot Public Data Archive / checksum verified
2026-08-24T15:59:59.999Z,1787587199999,9904835.532732964,0.025765508736263095,34295984.87886299,0.03013511001730044,208732406.2379129,0.05756917044879297,0.025765508736263095,0.03013511001730044,0.05756917044879297,ETH-SPOT-CLASS-v0.1-PROVISIONAL,Binance official Spot Public Data Archive / checksum verified
2026-08-24T19:59:59.999Z,1787601599999,-2882366.3975929916,-0.013354073378028939,32921062.094198987,0.02613509943947704,174587044.63263094,0.048476437323762105,0.013354073378028939,0.02613509943947704,0.048476437323762105,ETH-SPOT-CLASS-v0.1-PROVISIONAL,Binance official Spot Public Data Archive / checksum verified
2026-08-24T23:59:59.999Z,1787615999999,4403076.196158007,0.06380854085312831,26657557.776293993,0.02301138882581248,110000354.61236997,0.033676924678656336,0.06380854085312831,0.02301138882581248,0.033676924678656336,ETH-SPOT-CLASS-v0.1-PROVISIONAL,Binance official Spot Public Data Archive / checksum verified
2026-08-25T03:59:59.999Z,1787630399999,7822896.275548011,0.040867726288817324,43486566.29966001,0.03572848676536486,101845775.75983499,0.03142791256874527,0.040867726288817324,0.03572848676536486,0.03142791256874527,ETH-SPOT-CLASS-v0.1-PROVISIONAL,Binance official Spot Public Data Archive / checksum verified
2026-08-25T07:59:59.999Z,1787644799999,-17309866.028142005,-0.13470729105078738,26368503.845040992,0.021987596232921888,105156932.41167302,0.035957081543668216,0.13470729105078738,0.021987596232921888,0.035957081543668216,ETH-SPOT-CLASS-v0.1-PROVISIONAL,Binance official Spot Public Data Archive / checksum verified
2026-08-25T11:59:59.999Z,1787659199999,-3779372.3284510076,-0.034567215726505306,-1840796.749747023,-0.0016757027138176556,107076423.596227,0.03771860937602609,0.034567215726505306,0.0016757027138176556,0.03771860937602609,ETH-SPOT-CLASS-v0.1-PROVISIONAL,Binance official Spot Public Data Archive / checksum verified
2026-08-25T15:59:59.999Z,1787673599999,-24240604.994459003,-0.12731036823749053,-35986237.27693899,-0.03978553385975881,76573967.20360999,0.02639669605439255,0.12731036823749053,0.03978553385975881,0.02639669605439255,ETH-SPOT-CLASS-v0.1-PROVISIONAL,Binance official Spot Public Data Archive / checksum verified
2026-08-25T19:59:59.999Z,1787687999999,-19040005.600151002,-0.18018965237650067,-52143876.479497,-0.06564507914572307,36574031.603995994,0.012547768372672645,0.18018965237650067,0.06564507914572307,0.012547768372672645,ETH-SPOT-CLASS-v0.1-PROVISIONAL,Binance official Spot Public Data Archive / checksum verified
2026-08-25T23:59:59.999Z,1787702399999,-14928925.877689004,-0.12371723865584992,-71475878.55334401,-0.08448729837791744,29803987.70002298,0.010189951377253587,0.12371723865584992,0.08448729837791744,0.010189951377253587,ETH-SPOT-CLASS-v0.1-PROVISIONAL,Binance official Spot Public Data Archive / checksum verified
2026-08-26T03:59:59.999Z,1787716799999,4906501.975924,0.08208265287056904,-74392272.85296802,-0.10413969494196784,34368738.71889497,0.011844751010379968,0.08208265287056904,0.10413969494196784,0.011844751010379968,ETH-SPOT-CLASS-v0.1-PROVISIONAL,Binance official Spot Public Data Archive / checksum verified
2026-08-26T07:59:59.999Z,1787731199999,-8564937.013617992,-0.12076613424772306,-65647343.83844401,-0.09995444681932063,19158359.459363982,0.006868828729230047,0.12076613424772306,0.09995444681932063,0.006868828729230047,ETH-SPOT-CLASS-v0.1-PROVISIONAL,Binance official Spot Public Data Archive / checksum verified
2026-08-26T11:59:59.999Z,1787745599999,5084715.950407997,0.052522421847128846,-56783255.559585005,-0.08813867929939277,-8466408.501617014,-0.0030675777506930678,0.052522421847128846,0.08813867929939277,0.0030675777506930678,ETH-SPOT-CLASS-v0.1-PROVISIONAL,Binance official Spot Public Data Archive / checksum verified
2026-08-26T15:59:59.999Z,1787759999999,-3935748.1281239986,-0.02715434731888438,-36478398.69325,-0.060920868350871404,-38168651.091326,-0.014450362555640734,0.02715434731888438,0.060920868350871404,0.014450362555640734,ETH-SPOT-CLASS-v0.1-PROVISIONAL,Binance official Spot Public Data Archive / checksum verified
2026-08-26T19:59:59.999Z,1787774399999,828030.2277840078,0.008100888492739983,-16610362.86531499,-0.027901028213906262,-35833177.250613004,-0.013525468897961499,0.008100888492739983,0.027901028213906262,0.013525468897961499,ETH-SPOT-CLASS-v0.1-PROVISIONAL,Binance official Spot Public Data Archive / checksum verified
2026-08-26T23:59:59.999Z,1787788799999,16439442.998899013,0.1148203507530132,14758006.011273026,0.023886561885875245,-30060314.76577699,-0.011463412107185591,0.1148203507530132,0.023886561885875245,0.011463412107185591,ETH-SPOT-CLASS-v0.1-PROVISIONAL,Binance official Spot Public Data Archive / checksum verified
2026-08-27T03:59:59.999Z,1787803199999,-2567983.4310709983,-0.03129770173566482,7283520.604278028,0.011378505014463138,-23622185.949029982,-0.009185782777386915,0.03129770173566482,0.011378505014463138,0.009185782777386915,ETH-SPOT-CLASS-v0.1-PROVISIONAL,Binance official Spot Public Data Archive / checksum verified
2026-08-27T07:59:59.999Z,1787817599999,-11321837.604814999,-0.19202383999524694,4526620.013081022,0.007206259007643046,-34752219.980321996,-0.013989478958351126,0.19202383999524694,0.007206259007643046,0.013989478958351126,ETH-SPOT-CLASS-v0.1-PROVISIONAL,Binance official Spot Public Data Archive / checksum verified
2026-08-27T11:59:59.999Z,1787831999999,17304200.927466035,0.06073657864663867,16746104.99013906,0.020515988971343296,-41877947.31919297,-0.01636485187721399,0.06073657864663867,0.020515988971343296,0.01636485187721399,ETH-SPOT-CLASS-v0.1-PROVISIONAL,Binance official Spot Public Data Archive / checksum verified
2026-08-27T15:59:59.999Z,1787846399999,1091690.6789550185,0.005883678415816663,21773543.797218077,0.025411083040922777,-50691092.17297091,-0.02147799190788212,0.005883678415816663,0.025411083040922777,0.02147799190788212,ETH-SPOT-CLASS-v0.1-PROVISIONAL,Binance official Spot Public Data Archive / checksum verified
2026-08-27T19:59:59.999Z,1787860799999,-28835388.046498984,-0.16963161920832276,-7889874.477064915,-0.00853304601355933,-76644113.82187691,-0.03311779880739697,0.16963161920832276,0.00853304601355933,0.03311779880739697,ETH-SPOT-CLASS-v0.1-PROVISIONAL,Binance official Spot Public Data Archive / checksum verified
2026-08-27T23:59:59.999Z,1787875199999,1629811.3241500035,0.02506615851994129,-22699506.151813924,-0.026816642716015675,-79417378.69388491,-0.0343753001281116,0.02506615851994129,0.026816642716015675,0.0343753001281116,ETH-SPOT-CLASS-v0.1-PROVISIONAL,Binance official Spot Public Data Archive / checksum verified
2026-08-28T03:59:59.999Z,1787889599999,-6006244.323873997,-0.05789156487561007,-26137767.044616923,-0.030106720221769915,-93246519.29330692,-0.04195316783627382,0.05789156487561007,0.030106720221769915,0.04195316783627382,ETH-SPOT-CLASS-v0.1-PROVISIONAL,Binance official Spot Public Data Archive / checksum verified
2026-08-28T07:59:59.999Z,1787903999999,-5080928.817176998,-0.06541355522345825,-19896858.25697892,-0.022434569644939322,-81017582.08234191,-0.03730421582133083,0.06541355522345825,0.022434569644939322,0.03730421582133083,ETH-SPOT-CLASS-v0.1-PROVISIONAL,Binance official Spot Public Data Archive / checksum verified
2026-08-28T11:59:59.999Z,1787918399999,-7725691.841106996,-0.0885254401588144,-44926751.02555195,-0.06518217871633523,-84963901.5949979,-0.039522790053051815,0.0885254401588144,0.06518217871633523,0.039522790053051815,ETH-SPOT-CLASS-v0.1-PROVISIONAL,Binance official Spot Public Data Archive / checksum verified
2026-08-28T15:59:59.999Z,1787932799999,-10729405.546613991,-0.04074064996158087,-56747847.25112096,-0.07398077229314437,-71452702.14715289,-0.03214683816306578,0.04074064996158087,0.07398077229314437,0.03214683816306578,ETH-SPOT-CLASS-v0.1-PROVISIONAL,Binance official Spot Public Data Archive / checksum verified
2026-08-28T19:59:59.999Z,1787947199999,-32827166.541082025,-0.1097192586082714,-60739625.745704,-0.06776962602139257,-85239863.08808391,-0.03527813569138686,0.1097192586082714,0.06776962602139257,0.03527813569138686,ETH-SPOT-CLASS-v0.1-PROVISIONAL,Binance official Spot Public Data Archive / checksum verified
2026-08-28T23:59:59.999Z,1787961599999,-3341978.829617001,-0.05394427420157381,-65711415.89947101,-0.07356867958226283,-73652916.04001191,-0.03124187490581233,0.05394427420157381,0.07356867958226283,0.03124187490581233,ETH-SPOT-CLASS-v0.1-PROVISIONAL,Binance official Spot Public Data Archive / checksum verified
2026-08-29T03:59:59.999Z,1787975999999,170657.91333200037,0.004133476500181961,-59534513.66226501,-0.07166485702108803,-78388760.10260391,-0.0335135356756313,0.004133476500181961,0.07166485702108803,0.0335135356756313,ETH-SPOT-CLASS-v0.1-PROVISIONAL,Binance official Spot Public Data Archive / checksum verified
2026-08-29T07:59:59.999Z,1787990399999,-149754.8981949985,-0.004355013928403233,-54603339.74328301,-0.06934215699923559,-69973577.98718092,-0.03039048617146362,0.004355013928403233,0.06934215699923559,0.03039048617146362,ETH-SPOT-CLASS-v0.1-PROVISIONAL,Binance official Spot Public Data Archive / checksum verified
2026-08-29T11:59:59.999Z,1788004799999,2508787.514866002,0.08228873039136708,-44368860.38731001,-0.0607239679912499,-72549506.4227229,-0.03244378694837873,0.08228873039136708,0.0607239679912499,0.03244378694837873,ETH-SPOT-CLASS-v0.1-PROVISIONAL,Binance official Spot Public Data Archive / checksum verified
2026-08-29T15:59:59.999Z,1788019199999,-75302.46438799798,-0.001536667912260944,-33714757.30508402,-0.06529948219930952,-68689060.7589869,-0.03209433129082139,0.001536667912260944,0.06529948219930952,0.03209433129082139,ETH-SPOT-CLASS-v0.1-PROVISIONAL,Binance official Spot Public Data Archive / checksum verified
2026-08-29T19:59:59.999Z,1788033599999,5638521.19198899,0.07860769832750396,4750930.427986994,0.01644790079565484,-63878569.79478192,-0.030277945726753533,0.07860769832750396,0.01644790079565484,0.030277945726753533,ETH-SPOT-CLASS-v0.1-PROVISIONAL,Binance official Spot Public Data Archive / checksum verified
2026-08-29T23:59:59.999Z,1788047999999,3623940.492229998,0.13865481341669822,11716849.749833994,0.04630594649805522,-76694072.30145094,-0.03848750969760043,0.13865481341669822,0.04630594649805522,0.03848750969760043,ETH-SPOT-CLASS-v0.1-PROVISIONAL,Binance official Spot Public Data Archive / checksum verified
2026-08-30T03:59:59.999Z,1788062399999,4430606.286320001,0.10853660837493559,15976798.122821994,0.06325797724293557,-69695482.58405994,-0.03571432458129237,0.10853660837493559,0.06325797724293557,0.03571432458129237,ETH-SPOT-CLASS-v0.1-PROVISIONAL,Binance official Spot Public Data Archive / checksum verified
2026-08-30T07:59:59.999Z,1788076799999,-5394267.3064079955,-0.1306915404906519,10732285.714608997,0.04136492536245127,-63767912.285652936,-0.03297568876348766,0.1306915404906519,0.04136492536245127,0.03297568876348766,ETH-SPOT-CLASS-v0.1-PROVISIONAL,Binance official Spot Public Data Archive / checksum verified
2026-08-30T11:59:59.999Z,1788091199999,-166462.66694399714,-0.004581628568953925,8057035.532798998,0.030369665732082544,-81238575.88006297,-0.048206725472554925,0.004581628568953925,0.030369665732082544,0.048206725472554925,ETH-SPOT-CLASS-v0.1-PROVISIONAL,Binance official Spot Public Data Archive / checksum verified
2026-08-30T15:59:59.999Z,1788105599999,-3218541.3701520115,-0.029595317954165926,4913796.6270349845,0.015117199066483908,-85548807.92917,-0.05318814913540241,0.029595317954165926,0.015117199066483908,0.05318814913540241,ETH-SPOT-CLASS-v0.1-PROVISIONAL,Binance official Spot Public Data Archive / checksum verified
2026-08-30T19:59:59.999Z,1788119999999,19567145.339690983,0.10891223480505534,18842420.774736978,0.04351833187860846,-37146274.54298003,-0.022956864664620963,0.10891223480505534,0.04351833187860846,0.022956864664620963,ETH-SPOT-CLASS-v0.1-PROVISIONAL,Binance official Spot Public Data Archive / checksum verified
2026-08-30T23:59:59.999Z,1788134399999,-52502361.266826004,-0.205239975087466,-37283880.984319024,-0.05626483077228538,-91278447.13395604,-0.05046132549189141,0.205239975087466,0.05626483077228538,0.05046132549189141,ETH-SPOT-CLASS-v0.1-PROVISIONAL,Binance official Spot Public Data Archive / checksum verified
2026-08-31T03:59:59.999Z,1788148799999,-1412473.7077109963,-0.010614151350749083,-43126960.97835002,-0.05712913424001646,-86684676.51779303,-0.04715726751873496,0.010614151350749083,0.05712913424001646,0.04715726751873496,ETH-SPOT-CLASS-v0.1-PROVISIONAL,Binance official Spot Public Data Archive / checksum verified
2026-08-31T07:59:59.999Z,1788163199999,-3246715.94833,-0.03574034057896321,-40979409.620272025,-0.05093963167276416,-84850463.64894605,-0.04583113099611991,0.03574034057896321,0.05093963167276416,0.04583113099611991,ETH-SPOT-CLASS-v0.1-PROVISIONAL,Binance official Spot Public Data Archive / checksum verified
2026-08-31T11:59:59.999Z,1788177599999,-14092771.909614995,-0.145013248947283,-54905718.86294302,-0.06345133953033691,-91217543.71745405,-0.049007869787994755,0.145013248947283,0.06345133953033691,0.049007869787994755,ETH-SPOT-CLASS-v0.1-PROVISIONAL,Binance official Spot Public Data Archive / checksum verified
2026-08-31T15:59:59.999Z,1788191999999,10194396.818975002,0.06225130817101736,-41492780.67381601,-0.04508465963720451,-70293741.35186505,-0.03990138314164617,0.06225130817101736,0.04508465963720451,0.03990138314164617,ETH-SPOT-CLASS-v0.1-PROVISIONAL,Binance official Spot Public Data Archive / checksum verified
2026-08-31T19:59:59.999Z,1788206399999,9504597.264143005,0.08223224473471263,-51555328.74936399,-0.06021039463454719,-27961977.546640016,-0.017719021841253953,0.08223224473471263,0.06021039463454719,0.017719021841253953,ETH-SPOT-CLASS-v0.1-PROVISIONAL,Binance official Spot Public Data Archive / checksum verified
2026-08-31T23:59:59.999Z,1788220799999,-3600555.218713999,-0.0733377802372283,-2653522.7012519836,-0.0040852410069859395,-28220553.935737014,-0.018029769581595457,0.0733377802372283,0.0040852410069859395,0.018029769581595457,ETH-SPOT-CLASS-v0.1-PROVISIONAL,Binance official Spot Public Data Archive / checksum verified
2026-09-01T03:59:59.999Z,1788235199999,-2305863.2435930073,-0.031669938807182205,-3546912.2371339947,-0.006019127629330288,-30697075.09266202,-0.01922481456396519,0.031669938807182205,0.006019127629330288,0.01922481456396519,ETH-SPOT-CLASS-v0.1-PROVISIONAL,Binance official Spot Public Data Archive / checksum verified
2026-09-01T07:59:59.999Z,1788249599999,4287336.236752003,0.06356086406401072,3987139.947948009,0.007045859010228674,-26259983.95771502,-0.016112317500728567,0.06356086406401072,0.007045859010228674,0.016112317500728567,ETH-SPOT-CLASS-v0.1-PROVISIONAL,Binance official Spot Public Data Archive / checksum verified
2026-09-01T11:59:59.999Z,1788263999999,4030058.9784840047,0.03612204021043097,22109970.83604701,0.03810294331898345,-24738712.494097017,-0.014459572409578899,0.03612204021043097,0.03810294331898345,0.014459572409578899,ETH-SPOT-CLASS-v0.1-PROVISIONAL,Binance official Spot Public Data Archive / checksum verified
2026-09-01T15:59:59.999Z,1788278399999,-16313400.877481014,-0.11015835161067217,-4397826.8604090065,-0.007789308442079038,-40976810.90719003,-0.022639435083297067,0.11015835161067217,0.007789308442079038,0.022639435083297067,ETH-SPOT-CLASS-v0.1-PROVISIONAL,Binance official Spot Public Data Archive / checksum verified
2026-09-01T19:59:59.999Z,1788292799999,-9165559.295302987,-0.050355757653981745,-23067983.419855,-0.03655598731461897,-55780891.39448201,-0.029048595764339866,0.050355757653981745,0.03655598731461897,0.029048595764339866,ETH-SPOT-CLASS-v0.1-PROVISIONAL,Binance official Spot Public Data Archive / checksum verified
2026-09-01T23:59:59.999Z,1788307199999,571268.8500439972,0.00614831898147892,-18896159.351097003,-0.028000501591086968,-58833563.03666801,-0.029608654159643165,0.00614831898147892,0.028000501591086968,0.029608654159643165,ETH-SPOT-CLASS-v0.1-PROVISIONAL,Binance official Spot Public Data Archive / checksum verified
2026-09-02T03:59:59.999Z,1788321599999,-491153.6893209964,-0.004673695708768362,-17081449.79682499,-0.024156008857039234,-63755323.01230901,-0.031080341261699545,0.004673695708768362,0.024156008857039234,0.031080341261699545,ETH-SPOT-CLASS-v0.1-PROVISIONAL,Binance official Spot Public Data Archive / checksum verified
2026-09-02T07:59:59.999Z,1788335999999,3095412.802289009,0.044022143412212264,-18273373.231287986,-0.02573740216982971,-55265642.903612,-0.0265655868665711,0.044022143412212264,0.02573740216982971,0.0265655868665711,ETH-SPOT-CLASS-v0.1-PROVISIONAL,Binance official Spot Public Data Archive / checksum verified
2026-09-02T11:59:59.999Z,1788350399999,538277.8834780157,0.00281218531849882,-21765154.326293975,-0.027556613140868505,-54560902.35318999,-0.024407410730880597,0.00281218531849882,0.027556613140868505,0.024407410730880597,ETH-SPOT-CLASS-v0.1-PROVISIONAL,Binance official Spot Public Data Archive / checksum verified
2026-09-02T15:59:59.999Z,1788364799999,16401160.044319004,0.09793608514573776,10949406.595506042,0.013530954450949803,-34941200.938718975,-0.015230632122566135,0.09793608514573776,0.013530954450949803,0.015230632122566135,ETH-SPOT-CLASS-v0.1-PROVISIONAL,Binance official Spot Public Data Archive / checksum verified
2026-09-02T19:59:59.999Z,1788379199999,-814654.0524650067,-0.008677767312912556,19300311.838344023,0.026766066950398817,-55323000.330874965,-0.025051639724517714,0.008677767312912556,0.026766066950398817,0.025051639724517714,ETH-SPOT-CLASS-v0.1-PROVISIONAL,Binance official Spot Public Data Archive / checksum verified
2026-09-02T23:59:59.999Z,1788393599999,1172741.0367379934,0.021085333406212853,19901784.02503802,0.029105620035416953,-1647898.0273109674,-0.0008205978435192492,0.021085333406212853,0.029105620035416953,0.0008205978435192492,ETH-SPOT-CLASS-v0.1-PROVISIONAL,Binance official Spot Public Data Archive / checksum verified
2026-09-03T03:59:59.999Z,1788407999999,11166797.103516996,0.13070771100036563,31559734.81787601,0.04752095683610634,10931372.783917025,0.005575733531511257,0.13070771100036563,0.04752095683610634,0.005575733531511257,ETH-SPOT-CLASS-v0.1-PROVISIONAL,Binance official Spot Public Data Archive / checksum verified
2026-09-03T07:59:59.999Z,1788422399999,18722168.854811996,0.1921967077183571,47186490.870399,0.06826561081627198,32900257.58705902,0.016725292288269442,0.1921967077183571,0.06826561081627198,0.016725292288269442,ETH-SPOT-CLASS-v0.1-PROVISIONAL,Binance official Spot Public Data Archive / checksum verified
2026-09-03T11:59:59.999Z,1788436799999,21237612.15605399,0.2408146737737556,67885825.14297497,0.11545195894845982,68230641.652728,0.03484525646666105,0.2408146737737556,0.11545195894845982,0.03484525646666105,ETH-SPOT-CLASS-v0.1-PROVISIONAL,Binance official Spot Public Data Archive / checksum verified
2026-09-03T15:59:59.999Z,1788451199999,61292668.889917016,0.19178503179251455,112777333.98857298,0.15237645265814095,119328913.72367002,0.05644877710582613,0.19178503179251455,0.15237645265814095,0.05644877710582613,ETH-SPOT-CLASS-v0.1-PROVISIONAL,Binance official Spot Public Data Archive / checksum verified
2026-09-03T19:59:59.999Z,1788465599999,19253162.16670999,0.11528600236457123,132845150.20774798,0.16335128407960803,129077478.626237,0.059610342021274264,0.11528600236457123,0.16335128407960803,0.059610342021274264,ETH-SPOT-CLASS-v0.1-PROVISIONAL,Binance official Spot Public Data Archive / checksum verified
2026-09-03T23:59:59.999Z,1788479999999,-1630136.6098850071,-0.015610517576270615,130042272.56112498,0.15085147922249262,131047897.235066,0.059012407562349836,0.015610517576270615,0.15085147922249262,0.059012407562349836,ETH-SPOT-CLASS-v0.1-PROVISIONAL,Binance official Spot Public Data Archive / checksum verified
2026-09-04T03:59:59.999Z,1788494399999,10608374.692320004,0.11824401242967873,129483850.14992799,0.14946118918388687,143962135.17097902,0.06433801558702348,0.11824401242967873,0.14946118918388687,0.06433801558702348,ETH-SPOT-CLASS-v0.1-PROVISIONAL,Binance official Spot Public Data Archive / checksum verified
2026-09-04T07:59:59.999Z,1788508799999,17595048.730187,0.13620797759346112,128356730.02530299,0.14291968381456613,157269847.664414,0.06839853868408916,0.13620797759346112,0.14291968381456613,0.06839853868408916,ETH-SPOT-CLASS-v0.1-PROVISIONAL,Binance official Spot Public Data Archive / checksum verified
2026-09-04T11:59:59.999Z,1788523199999,32221601.700239003,0.15998531290382656,139340719.569488,0.13778148223335254,185461390.38616902,0.0776264660513201,0.15998531290382656,0.13778148223335254,0.0776264660513201,ETH-SPOT-CLASS-v0.1-PROVISIONAL,Binance official Spot Public Data Archive / checksum verified
2026-09-04T15:59:59.999Z,1788537599999,-49243634.61631,-0.11278486461208395,28804416.063260987,0.02552809225780484,152531156.64734,0.056963992878515515,0.11278486461208395,0.02552809225780484,0.056963992878515515,ETH-SPOT-CLASS-v0.1-PROVISIONAL,Binance official Spot Public Data Archive / checksum verified
2026-09-04T19:59:59.999Z,1788551999999,-26905088.494720995,-0.22409900383815134,-17353834.598169997,-0.016047602023485548,134791627.447922,0.051531376357213575,0.22409900383815134,0.016047602023485548,0.051531376357213575,ETH-SPOT-CLASS-v0.1-PROVISIONAL,Binance official Spot Public Data Archive / checksum verified
2026-09-04T23:59:59.999Z,1788566399999,-3939551.4938120022,-0.08556476649003102,-19663249.482096992,-0.019220907495655696,130280807.10406601,0.05071568122066286,0.08556476649003102,0.019220907495655696,0.05071568122066286,ETH-SPOT-CLASS-v0.1-PROVISIONAL,Binance official Spot Public Data Archive / checksum verified
2026-09-05T03:59:59.999Z,1788580799999,-668473.6652369983,-0.02047882017071802,-30940097.839653995,-0.03203108212072142,130103487.12815,0.05211644460407549,0.02047882017071802,0.03203108212072142,0.05211644460407549,ETH-SPOT-CLASS-v0.1-PROVISIONAL,Binance official Spot Public Data Archive / checksum verified
2026-09-05T07:59:59.999Z,1788595199999,-1352997.6103210002,-0.029956756422456054,-49888144.180162,-0.056567201400811104,125655076.71553999,0.050846768116105535,0.029956756422456054,0.056567201400811104,0.050846768116105535,ETH-SPOT-CLASS-v0.1-PROVISIONAL,Binance official Spot Public Data Archive / checksum verified
2026-09-05T11:59:59.999Z,1788609599999,2985057.2272609994,0.071195864478694,-79124688.65314,-0.10952257806820243,128101856.05932298,0.055174263345403464,0.071195864478694,0.10952257806820243,0.055174263345403464,ETH-SPOT-CLASS-v0.1-PROVISIONAL,Binance official Spot Public Data Archive / checksum verified
2026-09-05T15:59:59.999Z,1788623999999,6710660.3719839975,0.10910578588686709,-23170393.664846,-0.06670785621423839,118411356.38698797,0.0534393984961363,0.10910578588686709,0.06670785621423839,0.0534393984961363,ETH-SPOT-CLASS-v0.1-PROVISIONAL,Binance official Spot Public Data Archive / checksum verified
2026-09-05T19:59:59.999Z,1788638399999,2654389.1043519974,0.03014857212741506,6389083.9342269935,0.020261838457650366,121880399.54380497,0.05515021032125026,0.03014857212741506,0.020261838457650366,0.05515021032125026,ETH-SPOT-CLASS-v0.1-PROVISIONAL,Binance official Spot Public Data Archive / checksum verified
2026-09-05T23:59:59.999Z,1788652799999,982553.4343030006,0.01913253810081404,11311188.862341996,0.03527698553852539,121690211.94136998,0.05517059222232517,0.01913253810081404,0.03527698553852539,0.05517059222232517,ETH-SPOT-CLASS-v0.1-PROVISIONAL,Binance official Spot Public Data Archive / checksum verified
2026-09-06T03:59:59.999Z,1788667199999,8950470.761150002,0.08065670502102218,20930133.288728997,0.052460802401833546,119473885.59900299,0.053545850499306005,0.08065670502102218,0.052460802401833546,0.053545850499306005,ETH-SPOT-CLASS-v0.1-PROVISIONAL,Binance official Spot Public Data Archive / checksum verified
2026-09-06T07:59:59.999Z,1788681599999,-3521470.846051991,-0.036847311346561336,18761660.052998006,0.04175090534925265,97230245.898139,0.04361269648206963,0.036847311346561336,0.04175090534925265,0.04361269648206963,ETH-SPOT-CLASS-v0.1-PROVISIONAL,Binance official Spot Public Data Archive / checksum verified
2026-09-06T11:59:59.999Z,1788695999999,2107213.5828760043,0.04174895571303695,17883816.40861301,0.039054679077687005,78099847.32496102,0.03563461233783586,0.04174895571303695,0.039054679077687005,0.03563461233783586,ETH-SPOT-CLASS-v0.1-PROVISIONAL,Binance official Spot Public Data Archive / checksum verified
2026-09-06T15:59:59.999Z,1788710399999,-20346283.214483008,-0.186829155721757,-9173127.177853994,-0.018153301777077874,-3539104.779439006,-0.0017865264170868706,0.186829155721757,0.018153301777077874,0.0017865264170868706,ETH-SPOT-CLASS-v0.1-PROVISIONAL,Binance official Spot Public Data Archive / checksum verified
2026-09-06T19:59:59.999Z,1788724799999,-17993438.770565994,-0.26560253802068756,-29820955.052771986,-0.061484393811220166,-40785705.71671499,-0.02167446393979468,0.26560253802068756,0.061484393811220166,0.02167446393979468,ETH-SPOT-CLASS-v0.1-PROVISIONAL,Binance official Spot Public Data Archive / checksum verified
2026-09-06T23:59:59.999Z,1788739199999,-2246811.149866,-0.02041058893547611,-33050319.636940986,-0.06078306711103545,-41402380.256695986,-0.02193625471323715,0.02041058893547611,0.06078306711103545,0.02193625471323715,ETH-SPOT-CLASS-v0.1-PROVISIONAL,Binance official Spot Public Data Archive / checksum verified
2026-09-07T03:59:59.999Z,1788753599999,6445819.5286029875,0.05217273543810024,-35554970.869488,-0.06391101447367982,-45564935.420413,-0.02371658287594502,0.05217273543810024,0.06391101447367982,0.02371658287594502,ETH-SPOT-CLASS-v0.1-PROVISIONAL,Binance official Spot Public Data Archive / checksum verified
2026-09-07T07:59:59.999Z,1788767999999,-12291727.832829997,-0.09596184340669754,-44325227.85626601,-0.07527545380365758,-75451711.98343,-0.039294926725604834,0.09596184340669754,0.07527545380365758,0.039294926725604834,ETH-SPOT-CLASS-v0.1-PROVISIONAL,Binance official Spot Public Data Archive / checksum verified
2026-09-07T11:59:59.999Z,1788782399999,-6788221.780120999,-0.07545981238762668,-53220663.21926301,-0.08470243668778138,-114461535.46379,-0.06328410185861388,0.07545981238762668,0.08470243668778138,0.06328410185861388,ETH-SPOT-CLASS-v0.1-PROVISIONAL,Binance official Spot Public Data Archive / checksum verified
2026-09-07T15:59:59.999Z,1788796799999,-13984483.835198,-0.09821879289714426,-46858863.839978,-0.07080486914812978,-79202384.682678,-0.05229748807016807,0.09821879289714426,0.07080486914812978,0.05229748807016807,ETH-SPOT-CLASS-v0.1-PROVISIONAL,Binance official Spot Public Data Archive / checksum verified
2026-09-07T19:59:59.999Z,1788811199999,8861859.982475996,0.10511872986679778,-20003565.086936012,-0.02948810629622261,-43435436.20548101,-0.02937400807178065,0.10511872986679778,0.02948810629622261,0.02937400807178065,ETH-SPOT-CLASS-v0.1-PROVISIONAL,Binance official Spot Public Data Archive / checksum verified
2026-09-07T23:59:59.999Z,1788825599999,-15232972.051272996,-0.21309475753188825,-32989725.988343008,-0.05156543841128095,-54728856.762942,-0.036385339545382776,0.21309475753188825,0.05156543841128095,0.036385339545382776,ETH-SPOT-CLASS-v0.1-PROVISIONAL,Binance official Spot Public Data Archive / checksum verified
2026-09-08T03:59:59.999Z,1788839999999,-2598450.90575099,-0.03339855139569987,-42033996.422696985,-0.07076216768313177,-56658834.00345599,-0.03657048560706155,0.03339855139569987,0.07076216768313177,0.03657048560706155,ETH-SPOT-CLASS-v0.1-PROVISIONAL,Binance official Spot Public Data Archive / checksum verified
2026-09-08T07:59:59.999Z,1788854399999,-1993082.0079510063,-0.01815058506700084,-31735350.597817995,-0.055121327222699815,-57298918.401085995,-0.035502331153841,0.01815058506700084,0.055121327222699815,0.035502331153841,ETH-SPOT-CLASS-v0.1-PROVISIONAL,Binance official Spot Public Data Archive / checksum verified
2026-09-08T11:59:59.999Z,1788868799999,-1995071.4965050071,-0.02102692537613225,-26942200.314202003,-0.04639927237869278,-62279047.124852,-0.03736214350286695,0.02102692537613225,0.04639927237869278,0.03736214350286695,ETH-SPOT-CLASS-v0.1-PROVISIONAL,Binance official Spot Public Data Archive / checksum verified
2026-09-08T15:59:59.999Z,1788883199999,-4273782.876973987,-0.02535923341878794,-17231499.35597799,-0.028396922408805467,-73263490.37381,-0.04130019377306402,0.02535923341878794,0.028396922408805467,0.04130019377306402,ETH-SPOT-CLASS-v0.1-PROVISIONAL,Binance official Spot Public Data Archive / checksum verified
2026-09-08T19:59:59.999Z,1788897599999,-759174.557761997,-0.006647016608689117,-26852533.896215983,-0.04217334253728491,-76677054.03592399,-0.04259610844936732,0.006647016608689117,0.04217334253728491,0.04259610844936732,ETH-SPOT-CLASS-v0.1-PROVISIONAL,Binance official Spot Public Data Archive / checksum verified
2026-09-08T23:59:59.999Z,1788911999999,2464110.7504330054,0.05977091318861954,-9155451.094509982,-0.015096555684064084,-75195496.71979398,-0.04200945292068639,0.05977091318861954,0.015096555684064084,0.04200945292068639,ETH-SPOT-CLASS-v0.1-PROVISIONAL,Binance official Spot Public Data Archive / checksum verified
2026-09-09T03:59:59.999Z,1788926399999,-3807858.939649999,-0.07221986084248277,-10364859.12840899,-0.017827899041830943,-87953826.42059398,-0.05078980497110117,0.07221986084248277,0.017827899041830943,0.05078980497110117,ETH-SPOT-CLASS-v0.1-PROVISIONAL,Binance official Spot Public Data Archive / checksum verified
2026-09-09T07:59:59.999Z,1788940799999,14074759.406748995,0.10723846937807884,5702982.286291011,0.009460453139756997,-70357596.16779299,-0.03980852794299622,0.10723846937807884,0.009460453139756997,0.03980852794299622,ETH-SPOT-CLASS-v0.1-PROVISIONAL,Binance official Spot Public Data Archive / checksum verified
2026-09-09T11:59:59.999Z,1788955199999,-2639717.885167986,-0.01874813722586773,5058335.897628032,0.007797162943396654,-75104527.63583699,-0.04042821384587852,0.01874813722586773,0.007797162943396654,0.04042821384587852,ETH-SPOT-CLASS-v0.1-PROVISIONAL,Binance official Spot Public Data Archive / checksum verified
2026-09-09T15:59:59.999Z,1788969599999,-8581119.530779004,-0.04141597184025318,750999.2438230142,0.0010925144641159206,-63339363.95213298,-0.032381824153415006,0.04141597184025318,0.0010925144641159206,0.032381824153415006,ETH-SPOT-CLASS-v0.1-PROVISIONAL,Binance official Spot Public Data Archive / checksum verified
2026-09-09T19:59:59.999Z,1788983999999,-11671755.349952996,-0.12620274361109549,-10161581.548367985,-0.015265062329123903,-57017680.53151998,-0.028785841185545488,0.12620274361109549,0.015265062329123903,0.028785841185545488,ETH-SPOT-CLASS-v0.1-PROVISIONAL,Binance official Spot Public Data Archive / checksum verified
2026-09-09T23:59:59.999Z,1788998399999,-29385987.119732007,-0.23067233212209706,-42011679.418533,-0.055878291976919126,-84156856.50138599,-0.04211914756900373,0.23067233212209706,0.055878291976919126,0.04211914756900373,ETH-SPOT-CLASS-v0.1-PROVISIONAL,Binance official Spot Public Data Archive / checksum verified
2026-09-10T03:59:59.999Z,1789012799999,1158531.1343140006,0.015608270604605632,-37045289.344569,-0.047902846896196345,-89444144.89567497,-0.04589834910760457,0.015608270604605632,0.047902846896196345,0.04589834910760457,ETH-SPOT-CLASS-v0.1-PROVISIONAL,Binance official Spot Public Data Archive / checksum verified
2026-09-10T07:59:59.999Z,1789027199999,-800108.4546429962,-0.013438515238396549,-51920157.20596099,-0.07399899430947018,-77952525.51748797,-0.041459853391564945,0.013438515238396549,0.07399899430947018,0.041459853391564945,ETH-SPOT-CLASS-v0.1-PROVISIONAL,Binance official Spot Public Data Archive / checksum verified
2026-09-10T11:59:59.999Z,1789041599999,-12618210.531820998,-0.16528952661012425,-61898649.852614,-0.09714553971700621,-83782514.26918797,-0.04488569571732241,0.16528952661012425,0.09714553971700621,0.04488569571732241,ETH-SPOT-CLASS-v0.1-PROVISIONAL,Binance official Spot Public Data Archive / checksum verified
2026-09-10T15:59:59.999Z,1789055999999,24987642.44272399,0.061185995619578465,-28329887.879111007,-0.03379166245996091,-44810387.99126598,-0.021012267134869013,0.061185995619578465,0.03379166245996091,0.021012267134869013,ETH-SPOT-CLASS-v0.1-PROVISIONAL,Binance official Spot Public Data Archive / checksum verified
2026-09-10T19:59:59.999Z,1789070399999,-15006258.141056001,-0.08797622629099987,-31664390.670214012,-0.03455088406080604,-68678506.11479798,-0.030952288723377793,0.08797622629099987,0.03455088406080604,0.030952288723377793,ETH-SPOT-CLASS-v0.1-PROVISIONAL,Binance official Spot Public Data Archive / checksum verified
2026-09-10T23:59:59.999Z,1789084799999,-8679070.587572,-0.14165195853403922,-10957474.138054006,-0.012886077074570297,-62124604.651096985,-0.028128034373631216,0.14165195853403922,0.012886077074570297,0.028128034373631216,ETH-SPOT-CLASS-v0.1-PROVISIONAL,Binance official Spot Public Data Archive / checksum verified
2026-09-11T03:59:59.999Z,1789099199999,-23630292.559649006,-0.2530581159841733,-35746297.83201701,-0.041111902019034925,-83156446.304995,-0.037386888358796035,0.2530581159841733,0.041111902019034925,0.037386888358796035,ETH-SPOT-CLASS-v0.1-PROVISIONAL,Binance official Spot Public Data Archive / checksum verified
2026-09-11T07:59:59.999Z,1789113599999,-18322220.101853997,-0.16743109259751834,-53268409.47922801,-0.05793944303617274,-99485584.39889799,-0.04473599708524515,0.16743109259751834,0.05793944303617274,0.04473599708524515,ETH-SPOT-CLASS-v0.1-PROVISIONAL,Binance official Spot Public Data Archive / checksum verified
2026-09-11T11:59:59.999Z,1789127999999,1213985.0810690075,0.013581233663078798,-39436213.86633801,-0.04229412661322787,-96276527.82132398,-0.04340020646529266,0.013581233663078798,0.04229412661322787,0.04340020646529266,ETH-SPOT-CLASS-v0.1-PROVISIONAL,Binance official Spot Public Data Archive / checksum verified
2026-09-11T15:59:59.999Z,1789142399999,70540854.82663107,0.07229393415247987,6116998.517569073,0.0040785697998438316,-21461890.11771892,-0.007093517995752981,0.07229393415247987,0.0040785697998438316,0.007093517995752981,ETH-SPOT-CLASS-v0.1-PROVISIONAL,Binance official Spot Public Data Archive / checksum verified
2026-09-11T19:59:59.999Z,1789156799999,-4511680.117500007,-0.018930268318298506,16611576.541125067,0.010597159763827768,-25214395.67745693,-0.008005377308937097,0.018930268318298506,0.010597159763827768,0.008005377308937097,ETH-SPOT-CLASS-v0.1-PROVISIONAL,Binance official Spot Public Data Archive / checksum verified
2026-09-11T23:59:59.999Z,1789171199999,-12216830.050531,-0.10246872550140512,13073817.078166068,0.008042929087492287,-39895336.478420936,-0.012360370027649987,0.10246872550140512,0.008042929087492287,0.012360370027649987,ETH-SPOT-CLASS-v0.1-PROVISIONAL,Binance official Spot Public Data Archive / checksum verified
2026-09-12T03:59:59.999Z,1789185599999,-7222066.550899997,-0.14536708807616322,29482043.086915076,0.018638203549703355,-43309544.089670934,-0.013430827502510918,0.14536708807616322,0.018638203549703355,0.013430827502510918,ETH-SPOT-CLASS-v0.1-PROVISIONAL,Binance official Spot Public Data Archive / checksum verified
2026-09-12T07:59:59.999Z,1789199999999,-2988338.4296569973,-0.041723158640037956,44815924.759112075,0.029025881910532972,-60372641.92607693,-0.019075007342778755,0.041723158640037956,0.029025881910532972,0.019075007342778755,ETH-SPOT-CLASS-v0.1-PROVISIONAL,Binance official Spot Public Data Archive / checksum verified
2026-09-12T11:59:59.999Z,1789214399999,-6993767.028893001,-0.11413100051631302,36608172.649150066,0.024149620343032096,-64726691.06980194,-0.020977751951317368,0.11413100051631302,0.024149620343032096,0.020977751951317368,ETH-SPOT-CLASS-v0.1-PROVISIONAL,Binance official Spot Public Data Archive / checksum verified
2026-09-12T15:59:59.999Z,1789228799999,4654046.615634009,0.04949569522089301,-29278635.561846994,-0.046168517918639136,-51491524.92338893,-0.017323634345781415,0.04949569522089301,0.046168517918639136,0.017323634345781415,ETH-SPOT-CLASS-v0.1-PROVISIONAL,Binance official Spot Public Data Archive / checksum verified
2026-09-12T19:59:59.999Z,1789243199999,4028225.508976996,0.04607433717305827,-20738729.93536999,-0.04291368399764303,-35791544.06445894,-0.012062101138639534,0.04607433717305827,0.04291368399764303,0.012062101138639534,ETH-SPOT-CLASS-v0.1-PROVISIONAL,Binance official Spot Public Data Archive / checksum verified
2026-09-12T23:59:59.999Z,1789257599999,5359717.687296003,0.13379264936996538,-3162182.1975429878,-0.007825226442887454,-1045839.257430926,-0.0003631462134260957,0.13379264936996538,0.007825226442887454,0.0003631462134260957,ETH-SPOT-CLASS-v0.1-PROVISIONAL,Binance official Spot Public Data Archive / checksum verified
2026-09-13T03:59:59.999Z,1789271999999,-2808003.689227,-0.08111466035193761,1251880.6641300097,0.003217894692556701,-5012374.080971926,-0.0017647140845706427,0.08111466035193761,0.003217894692556701,0.0017647140845706427,ETH-SPOT-CLASS-v0.1-PROVISIONAL,Binance official Spot Public Data Archive / checksum verified
2026-09-13T07:59:59.999Z,1789286399999,-602817.4632529989,-0.013395591548694206,3637401.630534008,0.010036555282450505,-4815083.089581929,-0.001703974763575244,0.013395591548694206,0.010036555282450505,0.001703974763575244,ETH-SPOT-CLASS-v0.1-PROVISIONAL,Binance official Spot Public Data Archive / checksum verified
2026-09-13T11:59:59.999Z,1789300799999,-29237189.926622003,-0.1860023679820367,-18606021.267194994,-0.0405957716616912,-21434062.484382935,-0.0073741666945526104,0.1860023679820367,0.0405957716616912,0.0073741666945526104,ETH-SPOT-CLASS-v0.1-PROVISIONAL,Binance official Spot Public Data Archive / checksum verified
2026-09-13T15:59:59.999Z,1789315199999,-10045491.766660988,-0.09226255184066834,-33305559.64948999,-0.07038752208408212,-56467196.69376791,-0.02165873165265324,0.09226255184066834,0.07038752208408212,0.02165873165265324,ETH-SPOT-CLASS-v0.1-PROVISIONAL,Binance official Spot Public Data Archive / checksum verified
2026-09-13T19:59:59.999Z,1789329599999,-16105562.001454994,-0.1339044429610442,-53439347.15992198,-0.10560678684892305,-57566500.554166906,-0.022514724244439278,0.1339044429610442,0.10560678684892305,0.022514724244439278,ETH-SPOT-CLASS-v0.1-PROVISIONAL,Binance official Spot Public Data Archive / checksum verified
2026-09-13T23:59:59.999Z,1789343999999,-1370752.8166779876,-0.018495711598761563,-60169817.66389597,-0.11141033186446384,-50258182.78327289,-0.019558152581618922,0.018495711598761563,0.11141033186446384,0.019558152581618922,ETH-SPOT-CLASS-v0.1-PROVISIONAL,Binance official Spot Public Data Archive / checksum verified
2026-09-14T03:59:59.999Z,1789358399999,3886213.452494994,0.039339089499221075,-53475600.52217398,-0.08850003741518485,-22741676.771128893,-0.008831416929321552,0.039339089499221075,0.08850003741518485,0.008831416929321552,ETH-SPOT-CLASS-v0.1-PROVISIONAL,Binance official Spot Public Data Archive / checksum verified
2026-09-14T07:59:59.999Z,1789372799999,17169552.539427996,0.17115511129869096,-35703230.519492984,-0.05413202464401708,12750095.8701531,0.004968913776615547,0.17115511129869096,0.05413202464401708,0.004968913776615547,ETH-SPOT-CLASS-v0.1-PROVISIONAL,Binance official Spot Public Data Archive / checksum verified
2026-09-14T11:59:59.999Z,1789387199999,8784422.245265007,0.07843634588327868,2318381.6523940265,0.0037736197142862016,20320533.0343491,0.00785007020842448,0.07843634588327868,0.0037736197142862016,0.00785007020842448,ETH-SPOT-CLASS-v0.1-PROVISIONAL,Binance official Spot Public Data Archive / checksum verified
2026-09-14T15:59:59.999Z,1789401599999,-17572084.54918298,-0.09326095097271997,-5208211.130127966,-0.007505659575592233,-67792406.34146495,-0.03763636244515283,0.09326095097271997,0.007505659575592233,0.03763636244515283,ETH-SPOT-CLASS-v0.1-PROVISIONAL,Binance official Spot Public Data Archive / checksum verified
2026-09-14T19:59:59.999Z,1789415999999,12937792.824599981,0.0754342957810157,23835143.69592701,0.031987524327263685,-50342933.39936496,-0.02902568971671775,0.0754342957810157,0.031987524327263685,0.02902568971671775,ETH-SPOT-CLASS-v0.1-PROVISIONAL,Binance official Spot Public Data Archive / checksum verified
2026-09-14T23:59:59.999Z,1789430399999,2550078.9403069913,0.011204005903922782,27755975.452911988,0.03088695418782287,-35576024.40852697,-0.019305354958563222,0.011204005903922782,0.03088695418782287,0.019305354958563222,ETH-SPOT-CLASS-v0.1-PROVISIONAL,Binance official Spot Public Data Archive / checksum verified
